"","Dolichospermum (ASV_50)","ASV_636","Date"
"1",0,0,2006-06-13
"2",0,0,2006-06-13
"3",NA,NA,2006-06-14
"4",NA,NA,2006-06-15
"5",NA,NA,2006-06-16
"6",NA,NA,2006-06-17
"7",NA,NA,2006-06-18
"8",NA,NA,2006-06-19
"9",NA,NA,2006-06-20
"10",NA,NA,2006-06-21
"11",NA,NA,2006-06-22
"12",NA,NA,2006-06-23
"13",NA,NA,2006-06-24
"14",NA,NA,2006-06-25
"15",NA,NA,2006-06-26
"16",0,0,2006-06-27
"17",0,0,2006-06-27
"18",NA,NA,2006-06-28
"19",NA,NA,2006-06-29
"20",NA,NA,2006-06-30
"21",NA,NA,2006-07-01
"22",NA,NA,2006-07-02
"23",NA,NA,2006-07-03
"24",NA,NA,2006-07-04
"25",NA,NA,2006-07-05
"26",NA,NA,2006-07-06
"27",NA,NA,2006-07-07
"28",NA,NA,2006-07-08
"29",NA,NA,2006-07-09
"30",NA,NA,2006-07-10
"31",NA,NA,2006-07-11
"32",0,0,2006-07-12
"33",0,0,2006-07-12
"34",NA,NA,2006-07-13
"35",NA,NA,2006-07-14
"36",NA,NA,2006-07-15
"37",NA,NA,2006-07-16
"38",NA,NA,2006-07-17
"39",NA,NA,2006-07-18
"40",NA,NA,2006-07-19
"41",NA,NA,2006-07-20
"42",NA,NA,2006-07-21
"43",NA,NA,2006-07-22
"44",NA,NA,2006-07-23
"45",NA,NA,2006-07-24
"46",0,0,2006-07-25
"47",NA,NA,2006-07-26
"48",NA,NA,2006-07-27
"49",NA,NA,2006-07-28
"50",NA,NA,2006-07-29
"51",NA,NA,2006-07-30
"52",NA,NA,2006-07-31
"53",NA,NA,2006-08-01
"54",0,0,2006-08-02
"55",0,0,2006-08-02
"56",NA,NA,2006-08-03
"57",NA,NA,2006-08-04
"58",NA,NA,2006-08-05
"59",NA,NA,2006-08-06
"60",NA,NA,2006-08-07
"61",NA,NA,2006-08-08
"62",NA,NA,2006-08-09
"63",NA,NA,2006-08-10
"64",NA,NA,2006-08-11
"65",NA,NA,2006-08-12
"66",NA,NA,2006-08-13
"67",NA,NA,2006-08-14
"68",0,0,2006-08-15
"69",0,0,2006-08-15
"70",NA,NA,2006-08-16
"71",NA,NA,2006-08-17
"72",NA,NA,2006-08-18
"73",NA,NA,2006-08-19
"74",NA,NA,2006-08-20
"75",NA,NA,2006-08-21
"76",0,0,2006-08-22
"77",0,0,2006-08-22
"78",NA,NA,2006-08-23
"79",NA,NA,2006-08-24
"80",NA,NA,2006-08-25
"81",NA,NA,2006-08-26
"82",NA,NA,2006-08-27
"83",NA,NA,2006-08-28
"84",NA,NA,2006-08-29
"85",NA,NA,2006-08-30
"86",NA,NA,2006-08-31
"87",NA,NA,2006-09-01
"88",NA,NA,2006-09-02
"89",NA,NA,2006-09-03
"90",NA,NA,2006-09-04
"91",0,0,2006-09-05
"92",0,0,2006-09-05
"93",NA,NA,2006-09-06
"94",NA,NA,2006-09-07
"95",NA,NA,2006-09-08
"96",NA,NA,2006-09-09
"97",NA,NA,2006-09-10
"98",NA,NA,2006-09-11
"99",0,0,2006-09-12
"100",0,0,2006-09-12
"101",NA,NA,2006-09-13
"102",NA,NA,2006-09-14
"103",NA,NA,2006-09-15
"104",NA,NA,2006-09-16
"105",NA,NA,2006-09-17
"106",NA,NA,2006-09-18
"107",NA,NA,2006-09-19
"108",NA,NA,2006-09-20
"109",NA,NA,2006-09-21
"110",NA,NA,2006-09-22
"111",NA,NA,2006-09-23
"112",NA,NA,2006-09-24
"113",NA,NA,2006-09-25
"114",0,0,2006-09-26
"115",NA,NA,2006-09-27
"116",NA,NA,2006-09-28
"117",NA,NA,2006-09-29
"118",NA,NA,2006-09-30
"119",NA,NA,2006-10-01
"120",NA,NA,2006-10-02
"121",NA,NA,2006-10-03
"122",NA,NA,2006-10-04
"123",NA,NA,2006-10-05
"124",NA,NA,2006-10-06
"125",NA,NA,2006-10-07
"126",NA,NA,2006-10-08
"127",NA,NA,2006-10-09
"128",0,0,2006-10-10
"129",NA,NA,2006-10-11
"130",NA,NA,2006-10-12
"131",NA,NA,2006-10-13
"132",NA,NA,2006-10-14
"133",NA,NA,2006-10-15
"134",0,0,2006-10-16
"135",NA,NA,2006-10-17
"136",NA,NA,2006-10-18
"137",NA,NA,2006-10-19
"138",NA,NA,2006-10-20
"139",NA,NA,2006-10-21
"140",NA,NA,2006-10-22
"141",NA,NA,2006-10-23
"142",NA,NA,2006-10-24
"143",NA,NA,2006-10-25
"144",NA,NA,2006-10-26
"145",NA,NA,2006-10-27
"146",NA,NA,2006-10-28
"147",NA,NA,2006-10-29
"148",NA,NA,2006-10-30
"149",NA,NA,2006-10-31
"150",NA,NA,2006-11-01
"151",NA,NA,2006-11-02
"152",NA,NA,2006-11-03
"153",NA,NA,2006-11-04
"154",NA,NA,2006-11-05
"155",NA,NA,2006-11-06
"156",NA,NA,2006-11-07
"157",NA,NA,2006-11-08
"158",NA,NA,2006-11-09
"159",NA,NA,2006-11-10
"160",NA,NA,2006-11-11
"161",NA,NA,2006-11-12
"162",NA,NA,2006-11-13
"163",NA,NA,2006-11-14
"164",NA,NA,2006-11-15
"165",NA,NA,2006-11-16
"166",NA,NA,2006-11-17
"167",NA,NA,2006-11-18
"168",NA,NA,2006-11-19
"169",NA,NA,2006-11-20
"170",NA,NA,2006-11-21
"171",NA,NA,2006-11-22
"172",NA,NA,2006-11-23
"173",NA,NA,2006-11-24
"174",NA,NA,2006-11-25
"175",NA,NA,2006-11-26
"176",NA,NA,2006-11-27
"177",NA,NA,2006-11-28
"178",NA,NA,2006-11-29
"179",NA,NA,2006-11-30
"180",NA,NA,2006-12-01
"181",NA,NA,2006-12-02
"182",NA,NA,2006-12-03
"183",NA,NA,2006-12-04
"184",NA,NA,2006-12-05
"185",NA,NA,2006-12-06
"186",NA,NA,2006-12-07
"187",NA,NA,2006-12-08
"188",NA,NA,2006-12-09
"189",NA,NA,2006-12-10
"190",NA,NA,2006-12-11
"191",NA,NA,2006-12-12
"192",NA,NA,2006-12-13
"193",NA,NA,2006-12-14
"194",NA,NA,2006-12-15
"195",NA,NA,2006-12-16
"196",NA,NA,2006-12-17
"197",NA,NA,2006-12-18
"198",NA,NA,2006-12-19
"199",NA,NA,2006-12-20
"200",NA,NA,2006-12-21
"201",NA,NA,2006-12-22
"202",NA,NA,2006-12-23
"203",NA,NA,2006-12-24
"204",NA,NA,2006-12-25
"205",NA,NA,2006-12-26
"206",NA,NA,2006-12-27
"207",NA,NA,2006-12-28
"208",NA,NA,2006-12-29
"209",NA,NA,2006-12-30
"210",NA,NA,2006-12-31
"211",NA,NA,2007-01-01
"212",NA,NA,2007-01-02
"213",NA,NA,2007-01-03
"214",NA,NA,2007-01-04
"215",NA,NA,2007-01-05
"216",NA,NA,2007-01-06
"217",NA,NA,2007-01-07
"218",NA,NA,2007-01-08
"219",NA,NA,2007-01-09
"220",NA,NA,2007-01-10
"221",NA,NA,2007-01-11
"222",NA,NA,2007-01-12
"223",NA,NA,2007-01-13
"224",NA,NA,2007-01-14
"225",NA,NA,2007-01-15
"226",NA,NA,2007-01-16
"227",NA,NA,2007-01-17
"228",NA,NA,2007-01-18
"229",NA,NA,2007-01-19
"230",NA,NA,2007-01-20
"231",NA,NA,2007-01-21
"232",NA,NA,2007-01-22
"233",NA,NA,2007-01-23
"234",NA,NA,2007-01-24
"235",NA,NA,2007-01-25
"236",NA,NA,2007-01-26
"237",NA,NA,2007-01-27
"238",NA,NA,2007-01-28
"239",NA,NA,2007-01-29
"240",NA,NA,2007-01-30
"241",NA,NA,2007-01-31
"242",NA,NA,2007-02-01
"243",NA,NA,2007-02-02
"244",NA,NA,2007-02-03
"245",NA,NA,2007-02-04
"246",NA,NA,2007-02-05
"247",NA,NA,2007-02-06
"248",NA,NA,2007-02-07
"249",NA,NA,2007-02-08
"250",NA,NA,2007-02-09
"251",NA,NA,2007-02-10
"252",NA,NA,2007-02-11
"253",NA,NA,2007-02-12
"254",NA,NA,2007-02-13
"255",NA,NA,2007-02-14
"256",NA,NA,2007-02-15
"257",NA,NA,2007-02-16
"258",NA,NA,2007-02-17
"259",NA,NA,2007-02-18
"260",NA,NA,2007-02-19
"261",NA,NA,2007-02-20
"262",NA,NA,2007-02-21
"263",NA,NA,2007-02-22
"264",NA,NA,2007-02-23
"265",NA,NA,2007-02-24
"266",NA,NA,2007-02-25
"267",NA,NA,2007-02-26
"268",NA,NA,2007-02-27
"269",NA,NA,2007-02-28
"270",NA,NA,2007-03-01
"271",NA,NA,2007-03-02
"272",NA,NA,2007-03-03
"273",NA,NA,2007-03-04
"274",NA,NA,2007-03-05
"275",NA,NA,2007-03-06
"276",NA,NA,2007-03-07
"277",NA,NA,2007-03-08
"278",NA,NA,2007-03-09
"279",NA,NA,2007-03-10
"280",NA,NA,2007-03-11
"281",NA,NA,2007-03-12
"282",NA,NA,2007-03-13
"283",NA,NA,2007-03-14
"284",NA,NA,2007-03-15
"285",NA,NA,2007-03-16
"286",NA,NA,2007-03-17
"287",NA,NA,2007-03-18
"288",NA,NA,2007-03-19
"289",NA,NA,2007-03-20
"290",NA,NA,2007-03-21
"291",NA,NA,2007-03-22
"292",NA,NA,2007-03-23
"293",NA,NA,2007-03-24
"294",NA,NA,2007-03-25
"295",NA,NA,2007-03-26
"296",NA,NA,2007-03-27
"297",NA,NA,2007-03-28
"298",NA,NA,2007-03-29
"299",NA,NA,2007-03-30
"300",NA,NA,2007-03-31
"301",NA,NA,2007-04-01
"302",NA,NA,2007-04-02
"303",NA,NA,2007-04-03
"304",NA,NA,2007-04-04
"305",NA,NA,2007-04-05
"306",NA,NA,2007-04-06
"307",NA,NA,2007-04-07
"308",NA,NA,2007-04-08
"309",NA,NA,2007-04-09
"310",NA,NA,2007-04-10
"311",NA,NA,2007-04-11
"312",NA,NA,2007-04-12
"313",NA,NA,2007-04-13
"314",NA,NA,2007-04-14
"315",NA,NA,2007-04-15
"316",NA,NA,2007-04-16
"317",NA,NA,2007-04-17
"318",NA,NA,2007-04-18
"319",NA,NA,2007-04-19
"320",NA,NA,2007-04-20
"321",NA,NA,2007-04-21
"322",NA,NA,2007-04-22
"323",NA,NA,2007-04-23
"324",NA,NA,2007-04-24
"325",NA,NA,2007-04-25
"326",NA,NA,2007-04-26
"327",NA,NA,2007-04-27
"328",NA,NA,2007-04-28
"329",NA,NA,2007-04-29
"330",NA,NA,2007-04-30
"331",NA,NA,2007-05-01
"332",NA,NA,2007-05-02
"333",NA,NA,2007-05-03
"334",NA,NA,2007-05-04
"335",NA,NA,2007-05-05
"336",NA,NA,2007-05-06
"337",NA,NA,2007-05-07
"338",NA,NA,2007-05-08
"339",0,0,2007-05-09
"340",0,0,2007-05-09
"341",NA,NA,2007-05-10
"342",NA,NA,2007-05-11
"343",NA,NA,2007-05-12
"344",NA,NA,2007-05-13
"345",NA,NA,2007-05-14
"346",NA,NA,2007-05-15
"347",NA,NA,2007-05-16
"348",NA,NA,2007-05-17
"349",NA,NA,2007-05-18
"350",NA,NA,2007-05-19
"351",NA,NA,2007-05-20
"352",NA,NA,2007-05-21
"353",NA,NA,2007-05-22
"354",NA,NA,2007-05-23
"355",NA,NA,2007-05-24
"356",NA,NA,2007-05-25
"357",NA,NA,2007-05-26
"358",NA,NA,2007-05-27
"359",NA,NA,2007-05-28
"360",NA,NA,2007-05-29
"361",NA,NA,2007-05-30
"362",NA,NA,2007-05-31
"363",NA,NA,2007-06-01
"364",NA,NA,2007-06-02
"365",NA,NA,2007-06-03
"366",NA,NA,2007-06-04
"367",NA,NA,2007-06-05
"368",NA,NA,2007-06-06
"369",NA,NA,2007-06-07
"370",NA,NA,2007-06-08
"371",NA,NA,2007-06-09
"372",NA,NA,2007-06-10
"373",NA,NA,2007-06-11
"374",NA,NA,2007-06-12
"375",NA,NA,2007-06-13
"376",NA,NA,2007-06-14
"377",NA,NA,2007-06-15
"378",NA,NA,2007-06-16
"379",NA,NA,2007-06-17
"380",NA,NA,2007-06-18
"381",NA,NA,2007-06-19
"382",NA,NA,2007-06-20
"383",NA,NA,2007-06-21
"384",NA,NA,2007-06-22
"385",NA,NA,2007-06-23
"386",NA,NA,2007-06-24
"387",NA,NA,2007-06-25
"388",NA,NA,2007-06-26
"389",NA,NA,2007-06-27
"390",NA,NA,2007-06-28
"391",NA,NA,2007-06-29
"392",NA,NA,2007-06-30
"393",NA,NA,2007-07-01
"394",NA,NA,2007-07-02
"395",NA,NA,2007-07-03
"396",NA,NA,2007-07-04
"397",NA,NA,2007-07-05
"398",0,0,2007-07-06
"399",0,0,2007-07-06
"400",NA,NA,2007-07-07
"401",NA,NA,2007-07-08
"402",NA,NA,2007-07-09
"403",NA,NA,2007-07-10
"404",NA,NA,2007-07-11
"405",NA,NA,2007-07-12
"406",NA,NA,2007-07-13
"407",NA,NA,2007-07-14
"408",NA,NA,2007-07-15
"409",NA,NA,2007-07-16
"410",NA,NA,2007-07-17
"411",NA,NA,2007-07-18
"412",NA,NA,2007-07-19
"413",NA,NA,2007-07-20
"414",NA,NA,2007-07-21
"415",NA,NA,2007-07-22
"416",NA,NA,2007-07-23
"417",NA,NA,2007-07-24
"418",NA,NA,2007-07-25
"419",NA,NA,2007-07-26
"420",NA,NA,2007-07-27
"421",NA,NA,2007-07-28
"422",NA,NA,2007-07-29
"423",NA,NA,2007-07-30
"424",NA,NA,2007-07-31
"425",NA,NA,2007-08-01
"426",0,0,2007-08-02
"427",0,0,2007-08-02
"428",NA,NA,2007-08-03
"429",NA,NA,2007-08-04
"430",NA,NA,2007-08-05
"431",NA,NA,2007-08-06
"432",NA,NA,2007-08-07
"433",NA,NA,2007-08-08
"434",NA,NA,2007-08-09
"435",NA,NA,2007-08-10
"436",NA,NA,2007-08-11
"437",NA,NA,2007-08-12
"438",NA,NA,2007-08-13
"439",NA,NA,2007-08-14
"440",NA,NA,2007-08-15
"441",NA,NA,2007-08-16
"442",NA,NA,2007-08-17
"443",NA,NA,2007-08-18
"444",NA,NA,2007-08-19
"445",NA,NA,2007-08-20
"446",NA,NA,2007-08-21
"447",0,0,2007-08-22
"448",0,0,2007-08-22
"449",NA,NA,2007-08-23
"450",NA,NA,2007-08-24
"451",NA,NA,2007-08-25
"452",NA,NA,2007-08-26
"453",NA,NA,2007-08-27
"454",NA,NA,2007-08-28
"455",NA,NA,2007-08-29
"456",NA,NA,2007-08-30
"457",NA,NA,2007-08-31
"458",NA,NA,2007-09-01
"459",NA,NA,2007-09-02
"460",NA,NA,2007-09-03
"461",NA,NA,2007-09-04
"462",0,0,2007-09-05
"463",0,0,2007-09-05
"464",NA,NA,2007-09-06
"465",NA,NA,2007-09-07
"466",NA,NA,2007-09-08
"467",NA,NA,2007-09-09
"468",NA,NA,2007-09-10
"469",NA,NA,2007-09-11
"470",NA,NA,2007-09-12
"471",NA,NA,2007-09-13
"472",NA,NA,2007-09-14
"473",NA,NA,2007-09-15
"474",NA,NA,2007-09-16
"475",NA,NA,2007-09-17
"476",NA,NA,2007-09-18
"477",0,0,2007-09-19
"478",0,0,2007-09-19
"479",NA,NA,2007-09-20
"480",NA,NA,2007-09-21
"481",NA,NA,2007-09-22
"482",NA,NA,2007-09-23
"483",NA,NA,2007-09-24
"484",NA,NA,2007-09-25
"485",0,0,2007-09-26
"486",0,0,2007-09-26
"487",NA,NA,2007-09-27
"488",NA,NA,2007-09-28
"489",NA,NA,2007-09-29
"490",NA,NA,2007-09-30
"491",NA,NA,2007-10-01
"492",NA,NA,2007-10-02
"493",NA,NA,2007-10-03
"494",NA,NA,2007-10-04
"495",NA,NA,2007-10-05
"496",NA,NA,2007-10-06
"497",NA,NA,2007-10-07
"498",NA,NA,2007-10-08
"499",NA,NA,2007-10-09
"500",0,0,2007-10-10
"501",NA,NA,2007-10-11
"502",NA,NA,2007-10-12
"503",NA,NA,2007-10-13
"504",NA,NA,2007-10-14
"505",NA,NA,2007-10-15
"506",NA,NA,2007-10-16
"507",NA,NA,2007-10-17
"508",NA,NA,2007-10-18
"509",NA,NA,2007-10-19
"510",NA,NA,2007-10-20
"511",NA,NA,2007-10-21
"512",NA,NA,2007-10-22
"513",NA,NA,2007-10-23
"514",NA,NA,2007-10-24
"515",NA,NA,2007-10-25
"516",NA,NA,2007-10-26
"517",NA,NA,2007-10-27
"518",NA,NA,2007-10-28
"519",NA,NA,2007-10-29
"520",NA,NA,2007-10-30
"521",NA,NA,2007-10-31
"522",NA,NA,2007-11-01
"523",NA,NA,2007-11-02
"524",NA,NA,2007-11-03
"525",NA,NA,2007-11-04
"526",NA,NA,2007-11-05
"527",NA,NA,2007-11-06
"528",NA,NA,2007-11-07
"529",NA,NA,2007-11-08
"530",NA,NA,2007-11-09
"531",NA,NA,2007-11-10
"532",NA,NA,2007-11-11
"533",NA,NA,2007-11-12
"534",NA,NA,2007-11-13
"535",NA,NA,2007-11-14
"536",NA,NA,2007-11-15
"537",NA,NA,2007-11-16
"538",NA,NA,2007-11-17
"539",NA,NA,2007-11-18
"540",NA,NA,2007-11-19
"541",NA,NA,2007-11-20
"542",NA,NA,2007-11-21
"543",NA,NA,2007-11-22
"544",NA,NA,2007-11-23
"545",NA,NA,2007-11-24
"546",NA,NA,2007-11-25
"547",NA,NA,2007-11-26
"548",NA,NA,2007-11-27
"549",NA,NA,2007-11-28
"550",NA,NA,2007-11-29
"551",NA,NA,2007-11-30
"552",NA,NA,2007-12-01
"553",NA,NA,2007-12-02
"554",NA,NA,2007-12-03
"555",NA,NA,2007-12-04
"556",NA,NA,2007-12-05
"557",NA,NA,2007-12-06
"558",NA,NA,2007-12-07
"559",NA,NA,2007-12-08
"560",NA,NA,2007-12-09
"561",NA,NA,2007-12-10
"562",NA,NA,2007-12-11
"563",NA,NA,2007-12-12
"564",NA,NA,2007-12-13
"565",NA,NA,2007-12-14
"566",NA,NA,2007-12-15
"567",NA,NA,2007-12-16
"568",NA,NA,2007-12-17
"569",NA,NA,2007-12-18
"570",NA,NA,2007-12-19
"571",NA,NA,2007-12-20
"572",NA,NA,2007-12-21
"573",NA,NA,2007-12-22
"574",NA,NA,2007-12-23
"575",NA,NA,2007-12-24
"576",NA,NA,2007-12-25
"577",NA,NA,2007-12-26
"578",NA,NA,2007-12-27
"579",NA,NA,2007-12-28
"580",NA,NA,2007-12-29
"581",NA,NA,2007-12-30
"582",NA,NA,2007-12-31
"583",NA,NA,2008-01-01
"584",NA,NA,2008-01-02
"585",NA,NA,2008-01-03
"586",NA,NA,2008-01-04
"587",NA,NA,2008-01-05
"588",NA,NA,2008-01-06
"589",NA,NA,2008-01-07
"590",NA,NA,2008-01-08
"591",NA,NA,2008-01-09
"592",NA,NA,2008-01-10
"593",NA,NA,2008-01-11
"594",NA,NA,2008-01-12
"595",NA,NA,2008-01-13
"596",NA,NA,2008-01-14
"597",NA,NA,2008-01-15
"598",NA,NA,2008-01-16
"599",NA,NA,2008-01-17
"600",NA,NA,2008-01-18
"601",NA,NA,2008-01-19
"602",NA,NA,2008-01-20
"603",NA,NA,2008-01-21
"604",NA,NA,2008-01-22
"605",NA,NA,2008-01-23
"606",NA,NA,2008-01-24
"607",NA,NA,2008-01-25
"608",NA,NA,2008-01-26
"609",NA,NA,2008-01-27
"610",NA,NA,2008-01-28
"611",NA,NA,2008-01-29
"612",NA,NA,2008-01-30
"613",NA,NA,2008-01-31
"614",NA,NA,2008-02-01
"615",NA,NA,2008-02-02
"616",NA,NA,2008-02-03
"617",NA,NA,2008-02-04
"618",NA,NA,2008-02-05
"619",NA,NA,2008-02-06
"620",NA,NA,2008-02-07
"621",NA,NA,2008-02-08
"622",NA,NA,2008-02-09
"623",NA,NA,2008-02-10
"624",NA,NA,2008-02-11
"625",NA,NA,2008-02-12
"626",NA,NA,2008-02-13
"627",NA,NA,2008-02-14
"628",NA,NA,2008-02-15
"629",NA,NA,2008-02-16
"630",NA,NA,2008-02-17
"631",NA,NA,2008-02-18
"632",NA,NA,2008-02-19
"633",NA,NA,2008-02-20
"634",NA,NA,2008-02-21
"635",NA,NA,2008-02-22
"636",NA,NA,2008-02-23
"637",NA,NA,2008-02-24
"638",NA,NA,2008-02-25
"639",NA,NA,2008-02-26
"640",NA,NA,2008-02-27
"641",NA,NA,2008-02-28
"642",NA,NA,2008-02-29
"643",NA,NA,2008-03-01
"644",NA,NA,2008-03-02
"645",NA,NA,2008-03-03
"646",NA,NA,2008-03-04
"647",NA,NA,2008-03-05
"648",NA,NA,2008-03-06
"649",NA,NA,2008-03-07
"650",NA,NA,2008-03-08
"651",NA,NA,2008-03-09
"652",NA,NA,2008-03-10
"653",NA,NA,2008-03-11
"654",NA,NA,2008-03-12
"655",NA,NA,2008-03-13
"656",NA,NA,2008-03-14
"657",NA,NA,2008-03-15
"658",NA,NA,2008-03-16
"659",NA,NA,2008-03-17
"660",NA,NA,2008-03-18
"661",NA,NA,2008-03-19
"662",NA,NA,2008-03-20
"663",NA,NA,2008-03-21
"664",NA,NA,2008-03-22
"665",NA,NA,2008-03-23
"666",NA,NA,2008-03-24
"667",NA,NA,2008-03-25
"668",NA,NA,2008-03-26
"669",NA,NA,2008-03-27
"670",NA,NA,2008-03-28
"671",NA,NA,2008-03-29
"672",NA,NA,2008-03-30
"673",NA,NA,2008-03-31
"674",NA,NA,2008-04-01
"675",NA,NA,2008-04-02
"676",NA,NA,2008-04-03
"677",NA,NA,2008-04-04
"678",NA,NA,2008-04-05
"679",NA,NA,2008-04-06
"680",NA,NA,2008-04-07
"681",NA,NA,2008-04-08
"682",NA,NA,2008-04-09
"683",NA,NA,2008-04-10
"684",NA,NA,2008-04-11
"685",NA,NA,2008-04-12
"686",NA,NA,2008-04-13
"687",NA,NA,2008-04-14
"688",NA,NA,2008-04-15
"689",NA,NA,2008-04-16
"690",NA,NA,2008-04-17
"691",NA,NA,2008-04-18
"692",NA,NA,2008-04-19
"693",NA,NA,2008-04-20
"694",NA,NA,2008-04-21
"695",NA,NA,2008-04-22
"696",NA,NA,2008-04-23
"697",NA,NA,2008-04-24
"698",NA,NA,2008-04-25
"699",NA,NA,2008-04-26
"700",NA,NA,2008-04-27
"701",NA,NA,2008-04-28
"702",NA,NA,2008-04-29
"703",NA,NA,2008-04-30
"704",NA,NA,2008-05-01
"705",NA,NA,2008-05-02
"706",NA,NA,2008-05-03
"707",NA,NA,2008-05-04
"708",NA,NA,2008-05-05
"709",NA,NA,2008-05-06
"710",NA,NA,2008-05-07
"711",NA,NA,2008-05-08
"712",NA,NA,2008-05-09
"713",NA,NA,2008-05-10
"714",NA,NA,2008-05-11
"715",NA,NA,2008-05-12
"716",NA,NA,2008-05-13
"717",NA,NA,2008-05-14
"718",NA,NA,2008-05-15
"719",NA,NA,2008-05-16
"720",NA,NA,2008-05-17
"721",NA,NA,2008-05-18
"722",NA,NA,2008-05-19
"723",NA,NA,2008-05-20
"724",NA,NA,2008-05-21
"725",0,0,2008-05-22
"726",NA,NA,2008-05-23
"727",NA,NA,2008-05-24
"728",NA,NA,2008-05-25
"729",NA,NA,2008-05-26
"730",NA,NA,2008-05-27
"731",NA,NA,2008-05-28
"732",NA,NA,2008-05-29
"733",NA,NA,2008-05-30
"734",NA,NA,2008-05-31
"735",0,0,2008-06-01
"736",0,0,2008-06-01
"737",NA,NA,2008-06-02
"738",NA,NA,2008-06-03
"739",NA,NA,2008-06-04
"740",NA,NA,2008-06-05
"741",NA,NA,2008-06-06
"742",NA,NA,2008-06-07
"743",NA,NA,2008-06-08
"744",NA,NA,2008-06-09
"745",NA,NA,2008-06-10
"746",NA,NA,2008-06-11
"747",NA,NA,2008-06-12
"748",NA,NA,2008-06-13
"749",NA,NA,2008-06-14
"750",NA,NA,2008-06-15
"751",NA,NA,2008-06-16
"752",NA,NA,2008-06-17
"753",NA,NA,2008-06-18
"754",NA,NA,2008-06-19
"755",NA,NA,2008-06-20
"756",NA,NA,2008-06-21
"757",NA,NA,2008-06-22
"758",NA,NA,2008-06-23
"759",NA,NA,2008-06-24
"760",0,0,2008-06-25
"761",0,0,2008-06-25
"762",NA,NA,2008-06-26
"763",NA,NA,2008-06-27
"764",NA,NA,2008-06-28
"765",NA,NA,2008-06-29
"766",NA,NA,2008-06-30
"767",NA,NA,2008-07-01
"768",0,0,2008-07-02
"769",NA,NA,2008-07-03
"770",NA,NA,2008-07-04
"771",NA,NA,2008-07-05
"772",NA,NA,2008-07-06
"773",NA,NA,2008-07-07
"774",NA,NA,2008-07-08
"775",NA,NA,2008-07-09
"776",NA,NA,2008-07-10
"777",NA,NA,2008-07-11
"778",NA,NA,2008-07-12
"779",NA,NA,2008-07-13
"780",NA,NA,2008-07-14
"781",0,0,2008-07-15
"782",NA,NA,2008-07-16
"783",NA,NA,2008-07-17
"784",NA,NA,2008-07-18
"785",NA,NA,2008-07-19
"786",NA,NA,2008-07-20
"787",NA,NA,2008-07-21
"788",NA,NA,2008-07-22
"789",NA,NA,2008-07-23
"790",NA,NA,2008-07-24
"791",NA,NA,2008-07-25
"792",NA,NA,2008-07-26
"793",NA,NA,2008-07-27
"794",NA,NA,2008-07-28
"795",NA,NA,2008-07-29
"796",NA,NA,2008-07-30
"797",NA,NA,2008-07-31
"798",NA,NA,2008-08-01
"799",NA,NA,2008-08-02
"800",NA,NA,2008-08-03
"801",0,0,2008-08-04
"802",0,0,2008-08-04
"803",NA,NA,2008-08-05
"804",NA,NA,2008-08-06
"805",NA,NA,2008-08-07
"806",NA,NA,2008-08-08
"807",NA,NA,2008-08-09
"808",NA,NA,2008-08-10
"809",NA,NA,2008-08-11
"810",NA,NA,2008-08-12
"811",NA,NA,2008-08-13
"812",NA,NA,2008-08-14
"813",NA,NA,2008-08-15
"814",NA,NA,2008-08-16
"815",NA,NA,2008-08-17
"816",0,0,2008-08-18
"817",NA,NA,2008-08-19
"818",NA,NA,2008-08-20
"819",NA,NA,2008-08-21
"820",NA,NA,2008-08-22
"821",NA,NA,2008-08-23
"822",NA,NA,2008-08-24
"823",NA,NA,2008-08-25
"824",NA,NA,2008-08-26
"825",NA,NA,2008-08-27
"826",NA,NA,2008-08-28
"827",0,0,2008-08-29
"828",0,0,2008-08-29
"829",NA,NA,2008-08-30
"830",NA,NA,2008-08-31
"831",NA,NA,2008-09-01
"832",NA,NA,2008-09-02
"833",0,0,2008-09-03
"834",NA,NA,2008-09-04
"835",NA,NA,2008-09-05
"836",NA,NA,2008-09-06
"837",NA,NA,2008-09-07
"838",NA,NA,2008-09-08
"839",NA,NA,2008-09-09
"840",NA,NA,2008-09-10
"841",NA,NA,2008-09-11
"842",NA,NA,2008-09-12
"843",NA,NA,2008-09-13
"844",NA,NA,2008-09-14
"845",NA,NA,2008-09-15
"846",NA,NA,2008-09-16
"847",0,0,2008-09-17
"848",0,0,2008-09-17
"849",NA,NA,2008-09-18
"850",NA,NA,2008-09-19
"851",NA,NA,2008-09-20
"852",NA,NA,2008-09-21
"853",NA,NA,2008-09-22
"854",NA,NA,2008-09-23
"855",NA,NA,2008-09-24
"856",NA,NA,2008-09-25
"857",NA,NA,2008-09-26
"858",NA,NA,2008-09-27
"859",NA,NA,2008-09-28
"860",NA,NA,2008-09-29
"861",NA,NA,2008-09-30
"862",NA,NA,2008-10-01
"863",NA,NA,2008-10-02
"864",NA,NA,2008-10-03
"865",NA,NA,2008-10-04
"866",NA,NA,2008-10-05
"867",NA,NA,2008-10-06
"868",0,0,2008-10-07
"869",0,0,2008-10-07
"870",NA,NA,2008-10-08
"871",NA,NA,2008-10-09
"872",NA,NA,2008-10-10
"873",NA,NA,2008-10-11
"874",NA,NA,2008-10-12
"875",NA,NA,2008-10-13
"876",NA,NA,2008-10-14
"877",NA,NA,2008-10-15
"878",NA,NA,2008-10-16
"879",NA,NA,2008-10-17
"880",NA,NA,2008-10-18
"881",NA,NA,2008-10-19
"882",NA,NA,2008-10-20
"883",NA,NA,2008-10-21
"884",NA,NA,2008-10-22
"885",NA,NA,2008-10-23
"886",NA,NA,2008-10-24
"887",NA,NA,2008-10-25
"888",NA,NA,2008-10-26
"889",0,0,2008-10-27
"890",0,0,2008-10-27
"891",NA,NA,2008-10-28
"892",NA,NA,2008-10-29
"893",NA,NA,2008-10-30
"894",NA,NA,2008-10-31
"895",NA,NA,2008-11-01
"896",NA,NA,2008-11-02
"897",NA,NA,2008-11-03
"898",NA,NA,2008-11-04
"899",NA,NA,2008-11-05
"900",NA,NA,2008-11-06
"901",NA,NA,2008-11-07
"902",NA,NA,2008-11-08
"903",NA,NA,2008-11-09
"904",NA,NA,2008-11-10
"905",NA,NA,2008-11-11
"906",NA,NA,2008-11-12
"907",NA,NA,2008-11-13
"908",NA,NA,2008-11-14
"909",NA,NA,2008-11-15
"910",NA,NA,2008-11-16
"911",NA,NA,2008-11-17
"912",NA,NA,2008-11-18
"913",NA,NA,2008-11-19
"914",NA,NA,2008-11-20
"915",NA,NA,2008-11-21
"916",NA,NA,2008-11-22
"917",NA,NA,2008-11-23
"918",NA,NA,2008-11-24
"919",NA,NA,2008-11-25
"920",NA,NA,2008-11-26
"921",NA,NA,2008-11-27
"922",NA,NA,2008-11-28
"923",NA,NA,2008-11-29
"924",NA,NA,2008-11-30
"925",NA,NA,2008-12-01
"926",NA,NA,2008-12-02
"927",NA,NA,2008-12-03
"928",NA,NA,2008-12-04
"929",NA,NA,2008-12-05
"930",NA,NA,2008-12-06
"931",NA,NA,2008-12-07
"932",NA,NA,2008-12-08
"933",NA,NA,2008-12-09
"934",NA,NA,2008-12-10
"935",NA,NA,2008-12-11
"936",NA,NA,2008-12-12
"937",NA,NA,2008-12-13
"938",NA,NA,2008-12-14
"939",NA,NA,2008-12-15
"940",NA,NA,2008-12-16
"941",NA,NA,2008-12-17
"942",NA,NA,2008-12-18
"943",NA,NA,2008-12-19
"944",NA,NA,2008-12-20
"945",NA,NA,2008-12-21
"946",NA,NA,2008-12-22
"947",NA,NA,2008-12-23
"948",NA,NA,2008-12-24
"949",NA,NA,2008-12-25
"950",NA,NA,2008-12-26
"951",NA,NA,2008-12-27
"952",NA,NA,2008-12-28
"953",NA,NA,2008-12-29
"954",NA,NA,2008-12-30
"955",NA,NA,2008-12-31
"956",NA,NA,2009-01-01
"957",NA,NA,2009-01-02
"958",NA,NA,2009-01-03
"959",NA,NA,2009-01-04
"960",NA,NA,2009-01-05
"961",NA,NA,2009-01-06
"962",NA,NA,2009-01-07
"963",NA,NA,2009-01-08
"964",NA,NA,2009-01-09
"965",NA,NA,2009-01-10
"966",NA,NA,2009-01-11
"967",NA,NA,2009-01-12
"968",NA,NA,2009-01-13
"969",NA,NA,2009-01-14
"970",NA,NA,2009-01-15
"971",NA,NA,2009-01-16
"972",NA,NA,2009-01-17
"973",NA,NA,2009-01-18
"974",NA,NA,2009-01-19
"975",NA,NA,2009-01-20
"976",NA,NA,2009-01-21
"977",NA,NA,2009-01-22
"978",NA,NA,2009-01-23
"979",NA,NA,2009-01-24
"980",NA,NA,2009-01-25
"981",NA,NA,2009-01-26
"982",NA,NA,2009-01-27
"983",NA,NA,2009-01-28
"984",NA,NA,2009-01-29
"985",NA,NA,2009-01-30
"986",NA,NA,2009-01-31
"987",NA,NA,2009-02-01
"988",NA,NA,2009-02-02
"989",NA,NA,2009-02-03
"990",NA,NA,2009-02-04
"991",NA,NA,2009-02-05
"992",NA,NA,2009-02-06
"993",NA,NA,2009-02-07
"994",NA,NA,2009-02-08
"995",NA,NA,2009-02-09
"996",NA,NA,2009-02-10
"997",NA,NA,2009-02-11
"998",NA,NA,2009-02-12
"999",NA,NA,2009-02-13
"1000",NA,NA,2009-02-14
"1001",NA,NA,2009-02-15
"1002",NA,NA,2009-02-16
"1003",NA,NA,2009-02-17
"1004",NA,NA,2009-02-18
"1005",NA,NA,2009-02-19
"1006",NA,NA,2009-02-20
"1007",NA,NA,2009-02-21
"1008",NA,NA,2009-02-22
"1009",NA,NA,2009-02-23
"1010",NA,NA,2009-02-24
"1011",NA,NA,2009-02-25
"1012",NA,NA,2009-02-26
"1013",NA,NA,2009-02-27
"1014",NA,NA,2009-02-28
"1015",NA,NA,2009-03-01
"1016",NA,NA,2009-03-02
"1017",NA,NA,2009-03-03
"1018",NA,NA,2009-03-04
"1019",NA,NA,2009-03-05
"1020",NA,NA,2009-03-06
"1021",NA,NA,2009-03-07
"1022",NA,NA,2009-03-08
"1023",NA,NA,2009-03-09
"1024",NA,NA,2009-03-10
"1025",NA,NA,2009-03-11
"1026",NA,NA,2009-03-12
"1027",NA,NA,2009-03-13
"1028",NA,NA,2009-03-14
"1029",NA,NA,2009-03-15
"1030",NA,NA,2009-03-16
"1031",NA,NA,2009-03-17
"1032",NA,NA,2009-03-18
"1033",NA,NA,2009-03-19
"1034",NA,NA,2009-03-20
"1035",NA,NA,2009-03-21
"1036",NA,NA,2009-03-22
"1037",NA,NA,2009-03-23
"1038",NA,NA,2009-03-24
"1039",NA,NA,2009-03-25
"1040",NA,NA,2009-03-26
"1041",NA,NA,2009-03-27
"1042",NA,NA,2009-03-28
"1043",NA,NA,2009-03-29
"1044",NA,NA,2009-03-30
"1045",NA,NA,2009-03-31
"1046",NA,NA,2009-04-01
"1047",NA,NA,2009-04-02
"1048",NA,NA,2009-04-03
"1049",NA,NA,2009-04-04
"1050",NA,NA,2009-04-05
"1051",NA,NA,2009-04-06
"1052",NA,NA,2009-04-07
"1053",NA,NA,2009-04-08
"1054",NA,NA,2009-04-09
"1055",NA,NA,2009-04-10
"1056",NA,NA,2009-04-11
"1057",NA,NA,2009-04-12
"1058",NA,NA,2009-04-13
"1059",NA,NA,2009-04-14
"1060",NA,NA,2009-04-15
"1061",NA,NA,2009-04-16
"1062",NA,NA,2009-04-17
"1063",NA,NA,2009-04-18
"1064",NA,NA,2009-04-19
"1065",NA,NA,2009-04-20
"1066",NA,NA,2009-04-21
"1067",NA,NA,2009-04-22
"1068",NA,NA,2009-04-23
"1069",NA,NA,2009-04-24
"1070",NA,NA,2009-04-25
"1071",NA,NA,2009-04-26
"1072",NA,NA,2009-04-27
"1073",NA,NA,2009-04-28
"1074",NA,NA,2009-04-29
"1075",NA,NA,2009-04-30
"1076",NA,NA,2009-05-01
"1077",NA,NA,2009-05-02
"1078",NA,NA,2009-05-03
"1079",NA,NA,2009-05-04
"1080",NA,NA,2009-05-05
"1081",NA,NA,2009-05-06
"1082",NA,NA,2009-05-07
"1083",NA,NA,2009-05-08
"1084",NA,NA,2009-05-09
"1085",NA,NA,2009-05-10
"1086",NA,NA,2009-05-11
"1087",NA,NA,2009-05-12
"1088",NA,NA,2009-05-13
"1089",NA,NA,2009-05-14
"1090",NA,NA,2009-05-15
"1091",NA,NA,2009-05-16
"1092",NA,NA,2009-05-17
"1093",NA,NA,2009-05-18
"1094",NA,NA,2009-05-19
"1095",0,0,2009-05-20
"1096",0,0,2009-05-20
"1097",NA,NA,2009-05-21
"1098",NA,NA,2009-05-22
"1099",NA,NA,2009-05-23
"1100",NA,NA,2009-05-24
"1101",NA,NA,2009-05-25
"1102",NA,NA,2009-05-26
"1103",NA,NA,2009-05-27
"1104",NA,NA,2009-05-28
"1105",NA,NA,2009-05-29
"1106",NA,NA,2009-05-30
"1107",NA,NA,2009-05-31
"1108",NA,NA,2009-06-01
"1109",NA,NA,2009-06-02
"1110",NA,NA,2009-06-03
"1111",NA,NA,2009-06-04
"1112",NA,NA,2009-06-05
"1113",NA,NA,2009-06-06
"1114",NA,NA,2009-06-07
"1115",NA,NA,2009-06-08
"1116",NA,NA,2009-06-09
"1117",NA,NA,2009-06-10
"1118",NA,NA,2009-06-11
"1119",NA,NA,2009-06-12
"1120",NA,NA,2009-06-13
"1121",NA,NA,2009-06-14
"1122",NA,NA,2009-06-15
"1123",NA,NA,2009-06-16
"1124",NA,NA,2009-06-17
"1125",NA,NA,2009-06-18
"1126",NA,NA,2009-06-19
"1127",NA,NA,2009-06-20
"1128",NA,NA,2009-06-21
"1129",NA,NA,2009-06-22
"1130",NA,NA,2009-06-23
"1131",NA,NA,2009-06-24
"1132",NA,NA,2009-06-25
"1133",NA,NA,2009-06-26
"1134",NA,NA,2009-06-27
"1135",NA,NA,2009-06-28
"1136",NA,NA,2009-06-29
"1137",NA,NA,2009-06-30
"1138",NA,NA,2009-07-01
"1139",NA,NA,2009-07-02
"1140",NA,NA,2009-07-03
"1141",NA,NA,2009-07-04
"1142",NA,NA,2009-07-05
"1143",NA,NA,2009-07-06
"1144",NA,NA,2009-07-07
"1145",0,0,2009-07-08
"1146",0,0,2009-07-08
"1147",NA,NA,2009-07-09
"1148",NA,NA,2009-07-10
"1149",NA,NA,2009-07-11
"1150",0,0,2009-07-12
"1151",0,0,2009-07-12
"1152",NA,NA,2009-07-13
"1153",NA,NA,2009-07-14
"1154",NA,NA,2009-07-15
"1155",NA,NA,2009-07-16
"1156",NA,NA,2009-07-17
"1157",NA,NA,2009-07-18
"1158",NA,NA,2009-07-19
"1159",NA,NA,2009-07-20
"1160",NA,NA,2009-07-21
"1161",NA,NA,2009-07-22
"1162",NA,NA,2009-07-23
"1163",NA,NA,2009-07-24
"1164",0,0,2009-07-25
"1165",0,0,2009-07-25
"1166",NA,NA,2009-07-26
"1167",NA,NA,2009-07-27
"1168",NA,NA,2009-07-28
"1169",NA,NA,2009-07-29
"1170",NA,NA,2009-07-30
"1171",NA,NA,2009-07-31
"1172",NA,NA,2009-08-01
"1173",NA,NA,2009-08-02
"1174",NA,NA,2009-08-03
"1175",NA,NA,2009-08-04
"1176",NA,NA,2009-08-05
"1177",NA,NA,2009-08-06
"1178",NA,NA,2009-08-07
"1179",0,0,2009-08-08
"1180",NA,NA,2009-08-09
"1181",NA,NA,2009-08-10
"1182",NA,NA,2009-08-11
"1183",NA,NA,2009-08-12
"1184",NA,NA,2009-08-13
"1185",NA,NA,2009-08-14
"1186",NA,NA,2009-08-15
"1187",NA,NA,2009-08-16
"1188",NA,NA,2009-08-17
"1189",NA,NA,2009-08-18
"1190",NA,NA,2009-08-19
"1191",NA,NA,2009-08-20
"1192",NA,NA,2009-08-21
"1193",0,0,2009-08-22
"1194",0,0,2009-08-22
"1195",NA,NA,2009-08-23
"1196",NA,NA,2009-08-24
"1197",NA,NA,2009-08-25
"1198",NA,NA,2009-08-26
"1199",NA,NA,2009-08-27
"1200",NA,NA,2009-08-28
"1201",NA,NA,2009-08-29
"1202",NA,NA,2009-08-30
"1203",NA,NA,2009-08-31
"1204",NA,NA,2009-09-01
"1205",0,0,2009-09-02
"1206",0,0,2009-09-02
"1207",NA,NA,2009-09-03
"1208",NA,NA,2009-09-04
"1209",NA,NA,2009-09-05
"1210",NA,NA,2009-09-06
"1211",NA,NA,2009-09-07
"1212",NA,NA,2009-09-08
"1213",NA,NA,2009-09-09
"1214",NA,NA,2009-09-10
"1215",NA,NA,2009-09-11
"1216",NA,NA,2009-09-12
"1217",NA,NA,2009-09-13
"1218",NA,NA,2009-09-14
"1219",NA,NA,2009-09-15
"1220",0,0,2009-09-16
"1221",0,0,2009-09-16
"1222",NA,NA,2009-09-17
"1223",NA,NA,2009-09-18
"1224",NA,NA,2009-09-19
"1225",NA,NA,2009-09-20
"1226",NA,NA,2009-09-21
"1227",NA,NA,2009-09-22
"1228",0,0,2009-09-23
"1229",0,0,2009-09-23
"1230",NA,NA,2009-09-24
"1231",NA,NA,2009-09-25
"1232",NA,NA,2009-09-26
"1233",NA,NA,2009-09-27
"1234",NA,NA,2009-09-28
"1235",NA,NA,2009-09-29
"1236",NA,NA,2009-09-30
"1237",NA,NA,2009-10-01
"1238",NA,NA,2009-10-02
"1239",NA,NA,2009-10-03
"1240",NA,NA,2009-10-04
"1241",NA,NA,2009-10-05
"1242",NA,NA,2009-10-06
"1243",NA,NA,2009-10-07
"1244",NA,NA,2009-10-08
"1245",NA,NA,2009-10-09
"1246",NA,NA,2009-10-10
"1247",NA,NA,2009-10-11
"1248",NA,NA,2009-10-12
"1249",NA,NA,2009-10-13
"1250",NA,NA,2009-10-14
"1251",0,0,2009-10-15
"1252",0,0,2009-10-15
"1253",NA,NA,2009-10-16
"1254",NA,NA,2009-10-17
"1255",NA,NA,2009-10-18
"1256",NA,NA,2009-10-19
"1257",NA,NA,2009-10-20
"1258",NA,NA,2009-10-21
"1259",NA,NA,2009-10-22
"1260",NA,NA,2009-10-23
"1261",NA,NA,2009-10-24
"1262",NA,NA,2009-10-25
"1263",NA,NA,2009-10-26
"1264",NA,NA,2009-10-27
"1265",NA,NA,2009-10-28
"1266",NA,NA,2009-10-29
"1267",NA,NA,2009-10-30
"1268",NA,NA,2009-10-31
"1269",NA,NA,2009-11-01
"1270",NA,NA,2009-11-02
"1271",NA,NA,2009-11-03
"1272",NA,NA,2009-11-04
"1273",NA,NA,2009-11-05
"1274",NA,NA,2009-11-06
"1275",NA,NA,2009-11-07
"1276",NA,NA,2009-11-08
"1277",NA,NA,2009-11-09
"1278",NA,NA,2009-11-10
"1279",NA,NA,2009-11-11
"1280",NA,NA,2009-11-12
"1281",NA,NA,2009-11-13
"1282",NA,NA,2009-11-14
"1283",NA,NA,2009-11-15
"1284",NA,NA,2009-11-16
"1285",NA,NA,2009-11-17
"1286",NA,NA,2009-11-18
"1287",NA,NA,2009-11-19
"1288",NA,NA,2009-11-20
"1289",NA,NA,2009-11-21
"1290",NA,NA,2009-11-22
"1291",NA,NA,2009-11-23
"1292",NA,NA,2009-11-24
"1293",NA,NA,2009-11-25
"1294",NA,NA,2009-11-26
"1295",NA,NA,2009-11-27
"1296",NA,NA,2009-11-28
"1297",NA,NA,2009-11-29
"1298",NA,NA,2009-11-30
"1299",NA,NA,2009-12-01
"1300",NA,NA,2009-12-02
"1301",NA,NA,2009-12-03
"1302",NA,NA,2009-12-04
"1303",NA,NA,2009-12-05
"1304",NA,NA,2009-12-06
"1305",NA,NA,2009-12-07
"1306",NA,NA,2009-12-08
"1307",NA,NA,2009-12-09
"1308",NA,NA,2009-12-10
"1309",NA,NA,2009-12-11
"1310",NA,NA,2009-12-12
"1311",NA,NA,2009-12-13
"1312",NA,NA,2009-12-14
"1313",NA,NA,2009-12-15
"1314",NA,NA,2009-12-16
"1315",NA,NA,2009-12-17
"1316",NA,NA,2009-12-18
"1317",NA,NA,2009-12-19
"1318",NA,NA,2009-12-20
"1319",NA,NA,2009-12-21
"1320",NA,NA,2009-12-22
"1321",NA,NA,2009-12-23
"1322",NA,NA,2009-12-24
"1323",NA,NA,2009-12-25
"1324",NA,NA,2009-12-26
"1325",NA,NA,2009-12-27
"1326",NA,NA,2009-12-28
"1327",NA,NA,2009-12-29
"1328",NA,NA,2009-12-30
"1329",NA,NA,2009-12-31
"1330",NA,NA,2010-01-01
"1331",NA,NA,2010-01-02
"1332",NA,NA,2010-01-03
"1333",NA,NA,2010-01-04
"1334",NA,NA,2010-01-05
"1335",NA,NA,2010-01-06
"1336",NA,NA,2010-01-07
"1337",NA,NA,2010-01-08
"1338",NA,NA,2010-01-09
"1339",NA,NA,2010-01-10
"1340",NA,NA,2010-01-11
"1341",NA,NA,2010-01-12
"1342",NA,NA,2010-01-13
"1343",NA,NA,2010-01-14
"1344",NA,NA,2010-01-15
"1345",NA,NA,2010-01-16
"1346",NA,NA,2010-01-17
"1347",NA,NA,2010-01-18
"1348",NA,NA,2010-01-19
"1349",NA,NA,2010-01-20
"1350",NA,NA,2010-01-21
"1351",NA,NA,2010-01-22
"1352",NA,NA,2010-01-23
"1353",NA,NA,2010-01-24
"1354",NA,NA,2010-01-25
"1355",NA,NA,2010-01-26
"1356",NA,NA,2010-01-27
"1357",NA,NA,2010-01-28
"1358",NA,NA,2010-01-29
"1359",NA,NA,2010-01-30
"1360",NA,NA,2010-01-31
"1361",NA,NA,2010-02-01
"1362",NA,NA,2010-02-02
"1363",NA,NA,2010-02-03
"1364",NA,NA,2010-02-04
"1365",NA,NA,2010-02-05
"1366",NA,NA,2010-02-06
"1367",NA,NA,2010-02-07
"1368",NA,NA,2010-02-08
"1369",NA,NA,2010-02-09
"1370",NA,NA,2010-02-10
"1371",NA,NA,2010-02-11
"1372",NA,NA,2010-02-12
"1373",NA,NA,2010-02-13
"1374",NA,NA,2010-02-14
"1375",NA,NA,2010-02-15
"1376",NA,NA,2010-02-16
"1377",NA,NA,2010-02-17
"1378",NA,NA,2010-02-18
"1379",NA,NA,2010-02-19
"1380",NA,NA,2010-02-20
"1381",NA,NA,2010-02-21
"1382",NA,NA,2010-02-22
"1383",NA,NA,2010-02-23
"1384",NA,NA,2010-02-24
"1385",NA,NA,2010-02-25
"1386",NA,NA,2010-02-26
"1387",NA,NA,2010-02-27
"1388",NA,NA,2010-02-28
"1389",NA,NA,2010-03-01
"1390",NA,NA,2010-03-02
"1391",NA,NA,2010-03-03
"1392",NA,NA,2010-03-04
"1393",NA,NA,2010-03-05
"1394",NA,NA,2010-03-06
"1395",NA,NA,2010-03-07
"1396",NA,NA,2010-03-08
"1397",NA,NA,2010-03-09
"1398",NA,NA,2010-03-10
"1399",NA,NA,2010-03-11
"1400",NA,NA,2010-03-12
"1401",NA,NA,2010-03-13
"1402",NA,NA,2010-03-14
"1403",NA,NA,2010-03-15
"1404",NA,NA,2010-03-16
"1405",NA,NA,2010-03-17
"1406",NA,NA,2010-03-18
"1407",NA,NA,2010-03-19
"1408",NA,NA,2010-03-20
"1409",NA,NA,2010-03-21
"1410",NA,NA,2010-03-22
"1411",NA,NA,2010-03-23
"1412",NA,NA,2010-03-24
"1413",NA,NA,2010-03-25
"1414",NA,NA,2010-03-26
"1415",NA,NA,2010-03-27
"1416",NA,NA,2010-03-28
"1417",NA,NA,2010-03-29
"1418",NA,NA,2010-03-30
"1419",NA,NA,2010-03-31
"1420",NA,NA,2010-04-01
"1421",NA,NA,2010-04-02
"1422",NA,NA,2010-04-03
"1423",NA,NA,2010-04-04
"1424",NA,NA,2010-04-05
"1425",NA,NA,2010-04-06
"1426",NA,NA,2010-04-07
"1427",NA,NA,2010-04-08
"1428",NA,NA,2010-04-09
"1429",NA,NA,2010-04-10
"1430",NA,NA,2010-04-11
"1431",NA,NA,2010-04-12
"1432",NA,NA,2010-04-13
"1433",NA,NA,2010-04-14
"1434",NA,NA,2010-04-15
"1435",NA,NA,2010-04-16
"1436",NA,NA,2010-04-17
"1437",NA,NA,2010-04-18
"1438",NA,NA,2010-04-19
"1439",NA,NA,2010-04-20
"1440",NA,NA,2010-04-21
"1441",NA,NA,2010-04-22
"1442",NA,NA,2010-04-23
"1443",NA,NA,2010-04-24
"1444",NA,NA,2010-04-25
"1445",NA,NA,2010-04-26
"1446",NA,NA,2010-04-27
"1447",NA,NA,2010-04-28
"1448",NA,NA,2010-04-29
"1449",NA,NA,2010-04-30
"1450",NA,NA,2010-05-01
"1451",NA,NA,2010-05-02
"1452",NA,NA,2010-05-03
"1453",NA,NA,2010-05-04
"1454",0,0,2010-05-05
"1455",0,0,2010-05-05
"1456",NA,NA,2010-05-06
"1457",NA,NA,2010-05-07
"1458",NA,NA,2010-05-08
"1459",NA,NA,2010-05-09
"1460",NA,NA,2010-05-10
"1461",NA,NA,2010-05-11
"1462",NA,NA,2010-05-12
"1463",NA,NA,2010-05-13
"1464",NA,NA,2010-05-14
"1465",NA,NA,2010-05-15
"1466",NA,NA,2010-05-16
"1467",NA,NA,2010-05-17
"1468",NA,NA,2010-05-18
"1469",NA,NA,2010-05-19
"1470",NA,NA,2010-05-20
"1471",NA,NA,2010-05-21
"1472",NA,NA,2010-05-22
"1473",NA,NA,2010-05-23
"1474",NA,NA,2010-05-24
"1475",NA,NA,2010-05-25
"1476",NA,NA,2010-05-26
"1477",NA,NA,2010-05-27
"1478",NA,NA,2010-05-28
"1479",NA,NA,2010-05-29
"1480",NA,NA,2010-05-30
"1481",NA,NA,2010-05-31
"1482",NA,NA,2010-06-01
"1483",NA,NA,2010-06-02
"1484",NA,NA,2010-06-03
"1485",NA,NA,2010-06-04
"1486",NA,NA,2010-06-05
"1487",NA,NA,2010-06-06
"1488",NA,NA,2010-06-07
"1489",NA,NA,2010-06-08
"1490",NA,NA,2010-06-09
"1491",NA,NA,2010-06-10
"1492",NA,NA,2010-06-11
"1493",NA,NA,2010-06-12
"1494",NA,NA,2010-06-13
"1495",NA,NA,2010-06-14
"1496",NA,NA,2010-06-15
"1497",0,0,2010-06-16
"1498",0,0,2010-06-16
"1499",NA,NA,2010-06-17
"1500",NA,NA,2010-06-18
"1501",NA,NA,2010-06-19
"1502",NA,NA,2010-06-20
"1503",NA,NA,2010-06-21
"1504",NA,NA,2010-06-22
"1505",NA,NA,2010-06-23
"1506",NA,NA,2010-06-24
"1507",NA,NA,2010-06-25
"1508",NA,NA,2010-06-26
"1509",NA,NA,2010-06-27
"1510",NA,NA,2010-06-28
"1511",NA,NA,2010-06-29
"1512",NA,NA,2010-06-30
"1513",NA,NA,2010-07-01
"1514",NA,NA,2010-07-02
"1515",NA,NA,2010-07-03
"1516",NA,NA,2010-07-04
"1517",0,0,2010-07-05
"1518",NA,NA,2010-07-06
"1519",NA,NA,2010-07-07
"1520",NA,NA,2010-07-08
"1521",NA,NA,2010-07-09
"1522",NA,NA,2010-07-10
"1523",NA,NA,2010-07-11
"1524",0,0,2010-07-12
"1525",0,0,2010-07-12
"1526",NA,NA,2010-07-13
"1527",NA,NA,2010-07-14
"1528",NA,NA,2010-07-15
"1529",NA,NA,2010-07-16
"1530",NA,NA,2010-07-17
"1531",NA,NA,2010-07-18
"1532",NA,NA,2010-07-19
"1533",NA,NA,2010-07-20
"1534",NA,NA,2010-07-21
"1535",NA,NA,2010-07-22
"1536",NA,NA,2010-07-23
"1537",NA,NA,2010-07-24
"1538",NA,NA,2010-07-25
"1539",0,0,2010-07-26
"1540",NA,NA,2010-07-27
"1541",NA,NA,2010-07-28
"1542",NA,NA,2010-07-29
"1543",NA,NA,2010-07-30
"1544",NA,NA,2010-07-31
"1545",NA,NA,2010-08-01
"1546",NA,NA,2010-08-02
"1547",NA,NA,2010-08-03
"1548",NA,NA,2010-08-04
"1549",NA,NA,2010-08-05
"1550",NA,NA,2010-08-06
"1551",NA,NA,2010-08-07
"1552",NA,NA,2010-08-08
"1553",NA,NA,2010-08-09
"1554",0,0,2010-08-10
"1555",0,0,2010-08-10
"1556",NA,NA,2010-08-11
"1557",NA,NA,2010-08-12
"1558",NA,NA,2010-08-13
"1559",NA,NA,2010-08-14
"1560",NA,NA,2010-08-15
"1561",NA,NA,2010-08-16
"1562",NA,NA,2010-08-17
"1563",NA,NA,2010-08-18
"1564",NA,NA,2010-08-19
"1565",NA,NA,2010-08-20
"1566",NA,NA,2010-08-21
"1567",0,0,2010-08-22
"1568",NA,NA,2010-08-23
"1569",NA,NA,2010-08-24
"1570",NA,NA,2010-08-25
"1571",NA,NA,2010-08-26
"1572",NA,NA,2010-08-27
"1573",NA,NA,2010-08-28
"1574",NA,NA,2010-08-29
"1575",NA,NA,2010-08-30
"1576",NA,NA,2010-08-31
"1577",NA,NA,2010-09-01
"1578",NA,NA,2010-09-02
"1579",NA,NA,2010-09-03
"1580",NA,NA,2010-09-04
"1581",NA,NA,2010-09-05
"1582",NA,NA,2010-09-06
"1583",NA,NA,2010-09-07
"1584",NA,NA,2010-09-08
"1585",NA,NA,2010-09-09
"1586",NA,NA,2010-09-10
"1587",NA,NA,2010-09-11
"1588",NA,NA,2010-09-12
"1589",NA,NA,2010-09-13
"1590",NA,NA,2010-09-14
"1591",NA,NA,2010-09-15
"1592",0,0,2010-09-16
"1593",0,0,2010-09-16
"1594",NA,NA,2010-09-17
"1595",NA,NA,2010-09-18
"1596",NA,NA,2010-09-19
"1597",NA,NA,2010-09-20
"1598",NA,NA,2010-09-21
"1599",NA,NA,2010-09-22
"1600",NA,NA,2010-09-23
"1601",NA,NA,2010-09-24
"1602",NA,NA,2010-09-25
"1603",NA,NA,2010-09-26
"1604",NA,NA,2010-09-27
"1605",NA,NA,2010-09-28
"1606",NA,NA,2010-09-29
"1607",NA,NA,2010-09-30
"1608",NA,NA,2010-10-01
"1609",NA,NA,2010-10-02
"1610",NA,NA,2010-10-03
"1611",NA,NA,2010-10-04
"1612",NA,NA,2010-10-05
"1613",NA,NA,2010-10-06
"1614",NA,NA,2010-10-07
"1615",NA,NA,2010-10-08
"1616",NA,NA,2010-10-09
"1617",NA,NA,2010-10-10
"1618",NA,NA,2010-10-11
"1619",NA,NA,2010-10-12
"1620",NA,NA,2010-10-13
"1621",NA,NA,2010-10-14
"1622",NA,NA,2010-10-15
"1623",NA,NA,2010-10-16
"1624",NA,NA,2010-10-17
"1625",NA,NA,2010-10-18
"1626",0,0,2010-10-19
"1627",0,0,2010-10-19
"1628",NA,NA,2010-10-20
"1629",NA,NA,2010-10-21
"1630",NA,NA,2010-10-22
"1631",NA,NA,2010-10-23
"1632",NA,NA,2010-10-24
"1633",NA,NA,2010-10-25
"1634",NA,NA,2010-10-26
"1635",NA,NA,2010-10-27
"1636",NA,NA,2010-10-28
"1637",NA,NA,2010-10-29
"1638",NA,NA,2010-10-30
"1639",NA,NA,2010-10-31
"1640",NA,NA,2010-11-01
"1641",NA,NA,2010-11-02
"1642",NA,NA,2010-11-03
"1643",NA,NA,2010-11-04
"1644",NA,NA,2010-11-05
"1645",NA,NA,2010-11-06
"1646",NA,NA,2010-11-07
"1647",NA,NA,2010-11-08
"1648",NA,NA,2010-11-09
"1649",NA,NA,2010-11-10
"1650",NA,NA,2010-11-11
"1651",NA,NA,2010-11-12
"1652",NA,NA,2010-11-13
"1653",NA,NA,2010-11-14
"1654",NA,NA,2010-11-15
"1655",NA,NA,2010-11-16
"1656",NA,NA,2010-11-17
"1657",NA,NA,2010-11-18
"1658",NA,NA,2010-11-19
"1659",NA,NA,2010-11-20
"1660",NA,NA,2010-11-21
"1661",NA,NA,2010-11-22
"1662",NA,NA,2010-11-23
"1663",NA,NA,2010-11-24
"1664",NA,NA,2010-11-25
"1665",NA,NA,2010-11-26
"1666",NA,NA,2010-11-27
"1667",NA,NA,2010-11-28
"1668",NA,NA,2010-11-29
"1669",NA,NA,2010-11-30
"1670",NA,NA,2010-12-01
"1671",NA,NA,2010-12-02
"1672",NA,NA,2010-12-03
"1673",NA,NA,2010-12-04
"1674",NA,NA,2010-12-05
"1675",NA,NA,2010-12-06
"1676",NA,NA,2010-12-07
"1677",NA,NA,2010-12-08
"1678",NA,NA,2010-12-09
"1679",NA,NA,2010-12-10
"1680",NA,NA,2010-12-11
"1681",NA,NA,2010-12-12
"1682",NA,NA,2010-12-13
"1683",NA,NA,2010-12-14
"1684",NA,NA,2010-12-15
"1685",NA,NA,2010-12-16
"1686",NA,NA,2010-12-17
"1687",NA,NA,2010-12-18
"1688",NA,NA,2010-12-19
"1689",NA,NA,2010-12-20
"1690",NA,NA,2010-12-21
"1691",NA,NA,2010-12-22
"1692",NA,NA,2010-12-23
"1693",NA,NA,2010-12-24
"1694",NA,NA,2010-12-25
"1695",NA,NA,2010-12-26
"1696",NA,NA,2010-12-27
"1697",NA,NA,2010-12-28
"1698",NA,NA,2010-12-29
"1699",NA,NA,2010-12-30
"1700",NA,NA,2010-12-31
"1701",NA,NA,2011-01-01
"1702",NA,NA,2011-01-02
"1703",NA,NA,2011-01-03
"1704",NA,NA,2011-01-04
"1705",NA,NA,2011-01-05
"1706",NA,NA,2011-01-06
"1707",NA,NA,2011-01-07
"1708",NA,NA,2011-01-08
"1709",NA,NA,2011-01-09
"1710",NA,NA,2011-01-10
"1711",NA,NA,2011-01-11
"1712",NA,NA,2011-01-12
"1713",NA,NA,2011-01-13
"1714",NA,NA,2011-01-14
"1715",NA,NA,2011-01-15
"1716",NA,NA,2011-01-16
"1717",NA,NA,2011-01-17
"1718",NA,NA,2011-01-18
"1719",NA,NA,2011-01-19
"1720",NA,NA,2011-01-20
"1721",NA,NA,2011-01-21
"1722",NA,NA,2011-01-22
"1723",NA,NA,2011-01-23
"1724",NA,NA,2011-01-24
"1725",NA,NA,2011-01-25
"1726",NA,NA,2011-01-26
"1727",NA,NA,2011-01-27
"1728",NA,NA,2011-01-28
"1729",NA,NA,2011-01-29
"1730",NA,NA,2011-01-30
"1731",NA,NA,2011-01-31
"1732",NA,NA,2011-02-01
"1733",NA,NA,2011-02-02
"1734",NA,NA,2011-02-03
"1735",NA,NA,2011-02-04
"1736",NA,NA,2011-02-05
"1737",NA,NA,2011-02-06
"1738",NA,NA,2011-02-07
"1739",NA,NA,2011-02-08
"1740",NA,NA,2011-02-09
"1741",NA,NA,2011-02-10
"1742",NA,NA,2011-02-11
"1743",NA,NA,2011-02-12
"1744",NA,NA,2011-02-13
"1745",NA,NA,2011-02-14
"1746",NA,NA,2011-02-15
"1747",NA,NA,2011-02-16
"1748",NA,NA,2011-02-17
"1749",NA,NA,2011-02-18
"1750",NA,NA,2011-02-19
"1751",NA,NA,2011-02-20
"1752",NA,NA,2011-02-21
"1753",NA,NA,2011-02-22
"1754",NA,NA,2011-02-23
"1755",NA,NA,2011-02-24
"1756",NA,NA,2011-02-25
"1757",NA,NA,2011-02-26
"1758",NA,NA,2011-02-27
"1759",NA,NA,2011-02-28
"1760",NA,NA,2011-03-01
"1761",NA,NA,2011-03-02
"1762",NA,NA,2011-03-03
"1763",NA,NA,2011-03-04
"1764",NA,NA,2011-03-05
"1765",NA,NA,2011-03-06
"1766",NA,NA,2011-03-07
"1767",NA,NA,2011-03-08
"1768",NA,NA,2011-03-09
"1769",NA,NA,2011-03-10
"1770",NA,NA,2011-03-11
"1771",NA,NA,2011-03-12
"1772",NA,NA,2011-03-13
"1773",NA,NA,2011-03-14
"1774",NA,NA,2011-03-15
"1775",NA,NA,2011-03-16
"1776",NA,NA,2011-03-17
"1777",NA,NA,2011-03-18
"1778",NA,NA,2011-03-19
"1779",NA,NA,2011-03-20
"1780",NA,NA,2011-03-21
"1781",NA,NA,2011-03-22
"1782",NA,NA,2011-03-23
"1783",NA,NA,2011-03-24
"1784",NA,NA,2011-03-25
"1785",NA,NA,2011-03-26
"1786",NA,NA,2011-03-27
"1787",NA,NA,2011-03-28
"1788",NA,NA,2011-03-29
"1789",NA,NA,2011-03-30
"1790",NA,NA,2011-03-31
"1791",NA,NA,2011-04-01
"1792",NA,NA,2011-04-02
"1793",NA,NA,2011-04-03
"1794",NA,NA,2011-04-04
"1795",NA,NA,2011-04-05
"1796",NA,NA,2011-04-06
"1797",NA,NA,2011-04-07
"1798",NA,NA,2011-04-08
"1799",NA,NA,2011-04-09
"1800",NA,NA,2011-04-10
"1801",NA,NA,2011-04-11
"1802",NA,NA,2011-04-12
"1803",NA,NA,2011-04-13
"1804",NA,NA,2011-04-14
"1805",NA,NA,2011-04-15
"1806",NA,NA,2011-04-16
"1807",NA,NA,2011-04-17
"1808",NA,NA,2011-04-18
"1809",NA,NA,2011-04-19
"1810",NA,NA,2011-04-20
"1811",NA,NA,2011-04-21
"1812",NA,NA,2011-04-22
"1813",NA,NA,2011-04-23
"1814",NA,NA,2011-04-24
"1815",NA,NA,2011-04-25
"1816",NA,NA,2011-04-26
"1817",NA,NA,2011-04-27
"1818",NA,NA,2011-04-28
"1819",NA,NA,2011-04-29
"1820",NA,NA,2011-04-30
"1821",NA,NA,2011-05-01
"1822",NA,NA,2011-05-02
"1823",NA,NA,2011-05-03
"1824",NA,NA,2011-05-04
"1825",NA,NA,2011-05-05
"1826",NA,NA,2011-05-06
"1827",NA,NA,2011-05-07
"1828",NA,NA,2011-05-08
"1829",NA,NA,2011-05-09
"1830",NA,NA,2011-05-10
"1831",NA,NA,2011-05-11
"1832",NA,NA,2011-05-12
"1833",NA,NA,2011-05-13
"1834",NA,NA,2011-05-14
"1835",0,0,2011-05-15
"1836",NA,NA,2011-05-16
"1837",NA,NA,2011-05-17
"1838",NA,NA,2011-05-18
"1839",NA,NA,2011-05-19
"1840",NA,NA,2011-05-20
"1841",NA,NA,2011-05-21
"1842",NA,NA,2011-05-22
"1843",NA,NA,2011-05-23
"1844",NA,NA,2011-05-24
"1845",NA,NA,2011-05-25
"1846",NA,NA,2011-05-26
"1847",NA,NA,2011-05-27
"1848",NA,NA,2011-05-28
"1849",NA,NA,2011-05-29
"1850",NA,NA,2011-05-30
"1851",NA,NA,2011-05-31
"1852",NA,NA,2011-06-01
"1853",NA,NA,2011-06-02
"1854",NA,NA,2011-06-03
"1855",NA,NA,2011-06-04
"1856",NA,NA,2011-06-05
"1857",NA,NA,2011-06-06
"1858",NA,NA,2011-06-07
"1859",NA,NA,2011-06-08
"1860",NA,NA,2011-06-09
"1861",NA,NA,2011-06-10
"1862",NA,NA,2011-06-11
"1863",NA,NA,2011-06-12
"1864",NA,NA,2011-06-13
"1865",NA,NA,2011-06-14
"1866",NA,NA,2011-06-15
"1867",NA,NA,2011-06-16
"1868",NA,NA,2011-06-17
"1869",NA,NA,2011-06-18
"1870",NA,NA,2011-06-19
"1871",NA,NA,2011-06-20
"1872",0,0,2011-06-21
"1873",0,0,2011-06-21
"1874",NA,NA,2011-06-22
"1875",NA,NA,2011-06-23
"1876",NA,NA,2011-06-24
"1877",NA,NA,2011-06-25
"1878",NA,NA,2011-06-26
"1879",NA,NA,2011-06-27
"1880",NA,NA,2011-06-28
"1881",NA,NA,2011-06-29
"1882",NA,NA,2011-06-30
"1883",NA,NA,2011-07-01
"1884",NA,NA,2011-07-02
"1885",NA,NA,2011-07-03
"1886",NA,NA,2011-07-04
"1887",21,0,2011-07-05
"1888",0,0,2011-07-05
"1889",NA,NA,2011-07-06
"1890",NA,NA,2011-07-07
"1891",NA,NA,2011-07-08
"1892",NA,NA,2011-07-09
"1893",NA,NA,2011-07-10
"1894",NA,NA,2011-07-11
"1895",NA,NA,2011-07-12
"1896",NA,NA,2011-07-13
"1897",NA,NA,2011-07-14
"1898",NA,NA,2011-07-15
"1899",NA,NA,2011-07-16
"1900",NA,NA,2011-07-17
"1901",NA,NA,2011-07-18
"1902",0,0,2011-07-19
"1903",0,0,2011-07-19
"1904",NA,NA,2011-07-20
"1905",NA,NA,2011-07-21
"1906",NA,NA,2011-07-22
"1907",NA,NA,2011-07-23
"1908",NA,NA,2011-07-24
"1909",NA,NA,2011-07-25
"1910",NA,NA,2011-07-26
"1911",NA,NA,2011-07-27
"1912",NA,NA,2011-07-28
"1913",NA,NA,2011-07-29
"1914",NA,NA,2011-07-30
"1915",NA,NA,2011-07-31
"1916",NA,NA,2011-08-01
"1917",NA,NA,2011-08-02
"1918",NA,NA,2011-08-03
"1919",NA,NA,2011-08-04
"1920",NA,NA,2011-08-05
"1921",NA,NA,2011-08-06
"1922",NA,NA,2011-08-07
"1923",NA,NA,2011-08-08
"1924",7871,24,2011-08-09
"1925",7036,32,2011-08-09
"1926",NA,NA,2011-08-10
"1927",NA,NA,2011-08-11
"1928",NA,NA,2011-08-12
"1929",NA,NA,2011-08-13
"1930",NA,NA,2011-08-14
"1931",NA,NA,2011-08-15
"1932",NA,NA,2011-08-16
"1933",NA,NA,2011-08-17
"1934",NA,NA,2011-08-18
"1935",NA,NA,2011-08-19
"1936",NA,NA,2011-08-20
"1937",NA,NA,2011-08-21
"1938",NA,NA,2011-08-22
"1939",111,29,2011-08-23
"1940",41,34,2011-08-23
"1941",NA,NA,2011-08-24
"1942",NA,NA,2011-08-25
"1943",NA,NA,2011-08-26
"1944",NA,NA,2011-08-27
"1945",NA,NA,2011-08-28
"1946",NA,NA,2011-08-29
"1947",NA,NA,2011-08-30
"1948",NA,NA,2011-08-31
"1949",NA,NA,2011-09-01
"1950",NA,NA,2011-09-02
"1951",NA,NA,2011-09-03
"1952",NA,NA,2011-09-04
"1953",NA,NA,2011-09-05
"1954",NA,NA,2011-09-06
"1955",NA,NA,2011-09-07
"1956",NA,NA,2011-09-08
"1957",NA,NA,2011-09-09
"1958",NA,NA,2011-09-10
"1959",NA,NA,2011-09-11
"1960",110,16,2011-09-12
"1961",520,62,2011-09-12
"1962",NA,NA,2011-09-13
"1963",NA,NA,2011-09-14
"1964",NA,NA,2011-09-15
"1965",NA,NA,2011-09-16
"1966",NA,NA,2011-09-17
"1967",NA,NA,2011-09-18
"1968",NA,NA,2011-09-19
"1969",NA,NA,2011-09-20
"1970",NA,NA,2011-09-21
"1971",NA,NA,2011-09-22
"1972",NA,NA,2011-09-23
"1973",NA,NA,2011-09-24
"1974",NA,NA,2011-09-25
"1975",NA,NA,2011-09-26
"1976",NA,NA,2011-09-27
"1977",NA,NA,2011-09-28
"1978",NA,NA,2011-09-29
"1979",NA,NA,2011-09-30
"1980",NA,NA,2011-10-01
"1981",NA,NA,2011-10-02
"1982",NA,NA,2011-10-03
"1983",NA,NA,2011-10-04
"1984",NA,NA,2011-10-05
"1985",NA,NA,2011-10-06
"1986",NA,NA,2011-10-07
"1987",NA,NA,2011-10-08
"1988",NA,NA,2011-10-09
"1989",NA,NA,2011-10-10
"1990",NA,NA,2011-10-11
"1991",24,0,2011-10-12
"1992",0,5,2011-10-12
"1993",NA,NA,2011-10-13
"1994",NA,NA,2011-10-14
"1995",NA,NA,2011-10-15
"1996",NA,NA,2011-10-16
"1997",NA,NA,2011-10-17
"1998",NA,NA,2011-10-18
"1999",NA,NA,2011-10-19
"2000",NA,NA,2011-10-20
"2001",NA,NA,2011-10-21
"2002",NA,NA,2011-10-22
"2003",NA,NA,2011-10-23
"2004",NA,NA,2011-10-24
"2005",NA,NA,2011-10-25
"2006",NA,NA,2011-10-26
"2007",NA,NA,2011-10-27
"2008",NA,NA,2011-10-28
"2009",NA,NA,2011-10-29
"2010",NA,NA,2011-10-30
"2011",NA,NA,2011-10-31
"2012",NA,NA,2011-11-01
"2013",NA,NA,2011-11-02
"2014",NA,NA,2011-11-03
"2015",NA,NA,2011-11-04
"2016",NA,NA,2011-11-05
"2017",NA,NA,2011-11-06
"2018",NA,NA,2011-11-07
"2019",NA,NA,2011-11-08
"2020",NA,NA,2011-11-09
"2021",NA,NA,2011-11-10
"2022",NA,NA,2011-11-11
"2023",NA,NA,2011-11-12
"2024",NA,NA,2011-11-13
"2025",NA,NA,2011-11-14
"2026",NA,NA,2011-11-15
"2027",NA,NA,2011-11-16
"2028",NA,NA,2011-11-17
"2029",NA,NA,2011-11-18
"2030",NA,NA,2011-11-19
"2031",NA,NA,2011-11-20
"2032",NA,NA,2011-11-21
"2033",NA,NA,2011-11-22
"2034",NA,NA,2011-11-23
"2035",NA,NA,2011-11-24
"2036",NA,NA,2011-11-25
"2037",NA,NA,2011-11-26
"2038",NA,NA,2011-11-27
"2039",NA,NA,2011-11-28
"2040",NA,NA,2011-11-29
"2041",NA,NA,2011-11-30
"2042",NA,NA,2011-12-01
"2043",NA,NA,2011-12-02
"2044",NA,NA,2011-12-03
"2045",NA,NA,2011-12-04
"2046",NA,NA,2011-12-05
"2047",NA,NA,2011-12-06
"2048",NA,NA,2011-12-07
"2049",NA,NA,2011-12-08
"2050",NA,NA,2011-12-09
"2051",NA,NA,2011-12-10
"2052",NA,NA,2011-12-11
"2053",NA,NA,2011-12-12
"2054",NA,NA,2011-12-13
"2055",NA,NA,2011-12-14
"2056",NA,NA,2011-12-15
"2057",NA,NA,2011-12-16
"2058",NA,NA,2011-12-17
"2059",NA,NA,2011-12-18
"2060",NA,NA,2011-12-19
"2061",NA,NA,2011-12-20
"2062",NA,NA,2011-12-21
"2063",NA,NA,2011-12-22
"2064",NA,NA,2011-12-23
"2065",NA,NA,2011-12-24
"2066",NA,NA,2011-12-25
"2067",NA,NA,2011-12-26
"2068",NA,NA,2011-12-27
"2069",NA,NA,2011-12-28
"2070",NA,NA,2011-12-29
"2071",NA,NA,2011-12-30
"2072",NA,NA,2011-12-31
"2073",NA,NA,2012-01-01
"2074",NA,NA,2012-01-02
"2075",NA,NA,2012-01-03
"2076",NA,NA,2012-01-04
"2077",NA,NA,2012-01-05
"2078",NA,NA,2012-01-06
"2079",NA,NA,2012-01-07
"2080",NA,NA,2012-01-08
"2081",NA,NA,2012-01-09
"2082",NA,NA,2012-01-10
"2083",NA,NA,2012-01-11
"2084",NA,NA,2012-01-12
"2085",NA,NA,2012-01-13
"2086",NA,NA,2012-01-14
"2087",NA,NA,2012-01-15
"2088",NA,NA,2012-01-16
"2089",NA,NA,2012-01-17
"2090",NA,NA,2012-01-18
"2091",NA,NA,2012-01-19
"2092",NA,NA,2012-01-20
"2093",NA,NA,2012-01-21
"2094",NA,NA,2012-01-22
"2095",NA,NA,2012-01-23
"2096",NA,NA,2012-01-24
"2097",NA,NA,2012-01-25
"2098",NA,NA,2012-01-26
"2099",NA,NA,2012-01-27
"2100",NA,NA,2012-01-28
"2101",NA,NA,2012-01-29
"2102",NA,NA,2012-01-30
"2103",NA,NA,2012-01-31
"2104",NA,NA,2012-02-01
"2105",NA,NA,2012-02-02
"2106",NA,NA,2012-02-03
"2107",NA,NA,2012-02-04
"2108",NA,NA,2012-02-05
"2109",NA,NA,2012-02-06
"2110",NA,NA,2012-02-07
"2111",NA,NA,2012-02-08
"2112",NA,NA,2012-02-09
"2113",NA,NA,2012-02-10
"2114",NA,NA,2012-02-11
"2115",NA,NA,2012-02-12
"2116",NA,NA,2012-02-13
"2117",NA,NA,2012-02-14
"2118",NA,NA,2012-02-15
"2119",NA,NA,2012-02-16
"2120",NA,NA,2012-02-17
"2121",NA,NA,2012-02-18
"2122",NA,NA,2012-02-19
"2123",NA,NA,2012-02-20
"2124",NA,NA,2012-02-21
"2125",NA,NA,2012-02-22
"2126",NA,NA,2012-02-23
"2127",NA,NA,2012-02-24
"2128",NA,NA,2012-02-25
"2129",NA,NA,2012-02-26
"2130",NA,NA,2012-02-27
"2131",NA,NA,2012-02-28
"2132",NA,NA,2012-02-29
"2133",NA,NA,2012-03-01
"2134",NA,NA,2012-03-02
"2135",NA,NA,2012-03-03
"2136",NA,NA,2012-03-04
"2137",NA,NA,2012-03-05
"2138",NA,NA,2012-03-06
"2139",NA,NA,2012-03-07
"2140",NA,NA,2012-03-08
"2141",NA,NA,2012-03-09
"2142",NA,NA,2012-03-10
"2143",NA,NA,2012-03-11
"2144",NA,NA,2012-03-12
"2145",NA,NA,2012-03-13
"2146",NA,NA,2012-03-14
"2147",NA,NA,2012-03-15
"2148",NA,NA,2012-03-16
"2149",NA,NA,2012-03-17
"2150",NA,NA,2012-03-18
"2151",NA,NA,2012-03-19
"2152",NA,NA,2012-03-20
"2153",NA,NA,2012-03-21
"2154",NA,NA,2012-03-22
"2155",NA,NA,2012-03-23
"2156",NA,NA,2012-03-24
"2157",NA,NA,2012-03-25
"2158",NA,NA,2012-03-26
"2159",NA,NA,2012-03-27
"2160",NA,NA,2012-03-28
"2161",NA,NA,2012-03-29
"2162",NA,NA,2012-03-30
"2163",NA,NA,2012-03-31
"2164",NA,NA,2012-04-01
"2165",NA,NA,2012-04-02
"2166",NA,NA,2012-04-03
"2167",NA,NA,2012-04-04
"2168",NA,NA,2012-04-05
"2169",NA,NA,2012-04-06
"2170",NA,NA,2012-04-07
"2171",NA,NA,2012-04-08
"2172",NA,NA,2012-04-09
"2173",NA,NA,2012-04-10
"2174",NA,NA,2012-04-11
"2175",NA,NA,2012-04-12
"2176",NA,NA,2012-04-13
"2177",NA,NA,2012-04-14
"2178",NA,NA,2012-04-15
"2179",NA,NA,2012-04-16
"2180",NA,NA,2012-04-17
"2181",NA,NA,2012-04-18
"2182",NA,NA,2012-04-19
"2183",NA,NA,2012-04-20
"2184",NA,NA,2012-04-21
"2185",NA,NA,2012-04-22
"2186",NA,NA,2012-04-23
"2187",0,0,2012-04-24
"2188",NA,NA,2012-04-25
"2189",NA,NA,2012-04-26
"2190",NA,NA,2012-04-27
"2191",NA,NA,2012-04-28
"2192",NA,NA,2012-04-29
"2193",NA,NA,2012-04-30
"2194",NA,NA,2012-05-01
"2195",NA,NA,2012-05-02
"2196",NA,NA,2012-05-03
"2197",NA,NA,2012-05-04
"2198",NA,NA,2012-05-05
"2199",NA,NA,2012-05-06
"2200",NA,NA,2012-05-07
"2201",NA,NA,2012-05-08
"2202",NA,NA,2012-05-09
"2203",NA,NA,2012-05-10
"2204",NA,NA,2012-05-11
"2205",NA,NA,2012-05-12
"2206",NA,NA,2012-05-13
"2207",NA,NA,2012-05-14
"2208",NA,NA,2012-05-15
"2209",NA,NA,2012-05-16
"2210",NA,NA,2012-05-17
"2211",NA,NA,2012-05-18
"2212",NA,NA,2012-05-19
"2213",NA,NA,2012-05-20
"2214",NA,NA,2012-05-21
"2215",NA,NA,2012-05-22
"2216",NA,NA,2012-05-23
"2217",NA,NA,2012-05-24
"2218",NA,NA,2012-05-25
"2219",NA,NA,2012-05-26
"2220",NA,NA,2012-05-27
"2221",NA,NA,2012-05-28
"2222",NA,NA,2012-05-29
"2223",NA,NA,2012-05-30
"2224",NA,NA,2012-05-31
"2225",NA,NA,2012-06-01
"2226",NA,NA,2012-06-02
"2227",NA,NA,2012-06-03
"2228",NA,NA,2012-06-04
"2229",NA,NA,2012-06-05
"2230",NA,NA,2012-06-06
"2231",0,0,2012-06-07
"2232",0,0,2012-06-07
"2233",NA,NA,2012-06-08
"2234",NA,NA,2012-06-09
"2235",NA,NA,2012-06-10
"2236",NA,NA,2012-06-11
"2237",NA,NA,2012-06-12
"2238",NA,NA,2012-06-13
"2239",NA,NA,2012-06-14
"2240",NA,NA,2012-06-15
"2241",NA,NA,2012-06-16
"2242",NA,NA,2012-06-17
"2243",NA,NA,2012-06-18
"2244",NA,NA,2012-06-19
"2245",NA,NA,2012-06-20
"2246",NA,NA,2012-06-21
"2247",NA,NA,2012-06-22
"2248",NA,NA,2012-06-23
"2249",NA,NA,2012-06-24
"2250",NA,NA,2012-06-25
"2251",NA,NA,2012-06-26
"2252",NA,NA,2012-06-27
"2253",NA,NA,2012-06-28
"2254",NA,NA,2012-06-29
"2255",NA,NA,2012-06-30
"2256",NA,NA,2012-07-01
"2257",NA,NA,2012-07-02
"2258",NA,NA,2012-07-03
"2259",NA,NA,2012-07-04
"2260",NA,NA,2012-07-05
"2261",NA,NA,2012-07-06
"2262",NA,NA,2012-07-07
"2263",NA,NA,2012-07-08
"2264",NA,NA,2012-07-09
"2265",NA,NA,2012-07-10
"2266",NA,NA,2012-07-11
"2267",NA,NA,2012-07-12
"2268",NA,NA,2012-07-13
"2269",NA,NA,2012-07-14
"2270",NA,NA,2012-07-15
"2271",NA,NA,2012-07-16
"2272",NA,NA,2012-07-17
"2273",NA,NA,2012-07-18
"2274",NA,NA,2012-07-19
"2275",0,0,2012-07-20
"2276",0,0,2012-07-20
"2277",NA,NA,2012-07-21
"2278",NA,NA,2012-07-22
"2279",NA,NA,2012-07-23
"2280",NA,NA,2012-07-24
"2281",NA,NA,2012-07-25
"2282",NA,NA,2012-07-26
"2283",NA,NA,2012-07-27
"2284",NA,NA,2012-07-28
"2285",NA,NA,2012-07-29
"2286",NA,NA,2012-07-30
"2287",NA,NA,2012-07-31
"2288",NA,NA,2012-08-01
"2289",NA,NA,2012-08-02
"2290",NA,NA,2012-08-03
"2291",NA,NA,2012-08-04
"2292",NA,NA,2012-08-05
"2293",NA,NA,2012-08-06
"2294",NA,NA,2012-08-07
"2295",NA,NA,2012-08-08
"2296",NA,NA,2012-08-09
"2297",NA,NA,2012-08-10
"2298",NA,NA,2012-08-11
"2299",NA,NA,2012-08-12
"2300",NA,NA,2012-08-13
"2301",6180,14,2012-08-14
"2302",1197,12,2012-08-14
"2303",NA,NA,2012-08-15
"2304",NA,NA,2012-08-16
"2305",NA,NA,2012-08-17
"2306",NA,NA,2012-08-18
"2307",NA,NA,2012-08-19
"2308",NA,NA,2012-08-20
"2309",NA,NA,2012-08-21
"2310",NA,NA,2012-08-22
"2311",NA,NA,2012-08-23
"2312",NA,NA,2012-08-24
"2313",NA,NA,2012-08-25
"2314",NA,NA,2012-08-26
"2315",NA,NA,2012-08-27
"2316",NA,NA,2012-08-28
"2317",NA,NA,2012-08-29
"2318",NA,NA,2012-08-30
"2319",NA,NA,2012-08-31
"2320",NA,NA,2012-09-01
"2321",NA,NA,2012-09-02
"2322",NA,NA,2012-09-03
"2323",NA,NA,2012-09-04
"2324",NA,NA,2012-09-05
"2325",NA,NA,2012-09-06
"2326",NA,NA,2012-09-07
"2327",NA,NA,2012-09-08
"2328",NA,NA,2012-09-09
"2329",NA,NA,2012-09-10
"2330",NA,NA,2012-09-11
"2331",NA,NA,2012-09-12
"2332",NA,NA,2012-09-13
"2333",NA,NA,2012-09-14
"2334",NA,NA,2012-09-15
"2335",NA,NA,2012-09-16
"2336",443,20,2012-09-17
"2337",NA,NA,2012-09-18
"2338",NA,NA,2012-09-19
"2339",NA,NA,2012-09-20
"2340",NA,NA,2012-09-21
"2341",NA,NA,2012-09-22
"2342",NA,NA,2012-09-23
"2343",NA,NA,2012-09-24
"2344",NA,NA,2012-09-25
"2345",NA,NA,2012-09-26
"2346",NA,NA,2012-09-27
"2347",NA,NA,2012-09-28
"2348",NA,NA,2012-09-29
"2349",NA,NA,2012-09-30
"2350",NA,NA,2012-10-01
"2351",NA,NA,2012-10-02
"2352",NA,NA,2012-10-03
"2353",NA,NA,2012-10-04
"2354",NA,NA,2012-10-05
"2355",NA,NA,2012-10-06
"2356",NA,NA,2012-10-07
"2357",NA,NA,2012-10-08
"2358",NA,NA,2012-10-09
"2359",NA,NA,2012-10-10
"2360",NA,NA,2012-10-11
"2361",NA,NA,2012-10-12
"2362",NA,NA,2012-10-13
"2363",NA,NA,2012-10-14
"2364",NA,NA,2012-10-15
"2365",NA,NA,2012-10-16
"2366",0,0,2012-10-17
"2367",0,4,2012-10-17
"2368",NA,NA,2012-10-18
"2369",NA,NA,2012-10-19
"2370",NA,NA,2012-10-20
"2371",NA,NA,2012-10-21
"2372",NA,NA,2012-10-22
"2373",NA,NA,2012-10-23
"2374",NA,NA,2012-10-24
"2375",NA,NA,2012-10-25
"2376",NA,NA,2012-10-26
"2377",NA,NA,2012-10-27
"2378",NA,NA,2012-10-28
"2379",NA,NA,2012-10-29
"2380",NA,NA,2012-10-30
"2381",NA,NA,2012-10-31
"2382",NA,NA,2012-11-01
"2383",NA,NA,2012-11-02
"2384",NA,NA,2012-11-03
"2385",NA,NA,2012-11-04
"2386",NA,NA,2012-11-05
"2387",NA,NA,2012-11-06
"2388",NA,NA,2012-11-07
"2389",NA,NA,2012-11-08
"2390",NA,NA,2012-11-09
"2391",NA,NA,2012-11-10
"2392",NA,NA,2012-11-11
"2393",NA,NA,2012-11-12
"2394",NA,NA,2012-11-13
"2395",NA,NA,2012-11-14
"2396",NA,NA,2012-11-15
"2397",NA,NA,2012-11-16
"2398",NA,NA,2012-11-17
"2399",NA,NA,2012-11-18
"2400",NA,NA,2012-11-19
"2401",NA,NA,2012-11-20
"2402",NA,NA,2012-11-21
"2403",NA,NA,2012-11-22
"2404",NA,NA,2012-11-23
"2405",NA,NA,2012-11-24
"2406",NA,NA,2012-11-25
"2407",NA,NA,2012-11-26
"2408",NA,NA,2012-11-27
"2409",NA,NA,2012-11-28
"2410",NA,NA,2012-11-29
"2411",NA,NA,2012-11-30
"2412",NA,NA,2012-12-01
"2413",NA,NA,2012-12-02
"2414",NA,NA,2012-12-03
"2415",NA,NA,2012-12-04
"2416",NA,NA,2012-12-05
"2417",NA,NA,2012-12-06
"2418",NA,NA,2012-12-07
"2419",NA,NA,2012-12-08
"2420",NA,NA,2012-12-09
"2421",NA,NA,2012-12-10
"2422",NA,NA,2012-12-11
"2423",NA,NA,2012-12-12
"2424",NA,NA,2012-12-13
"2425",NA,NA,2012-12-14
"2426",NA,NA,2012-12-15
"2427",NA,NA,2012-12-16
"2428",NA,NA,2012-12-17
"2429",NA,NA,2012-12-18
"2430",NA,NA,2012-12-19
"2431",NA,NA,2012-12-20
"2432",NA,NA,2012-12-21
"2433",NA,NA,2012-12-22
"2434",NA,NA,2012-12-23
"2435",NA,NA,2012-12-24
"2436",NA,NA,2012-12-25
"2437",NA,NA,2012-12-26
"2438",NA,NA,2012-12-27
"2439",NA,NA,2012-12-28
"2440",NA,NA,2012-12-29
"2441",NA,NA,2012-12-30
"2442",NA,NA,2012-12-31
"2443",NA,NA,2013-01-01
"2444",NA,NA,2013-01-02
"2445",NA,NA,2013-01-03
"2446",NA,NA,2013-01-04
"2447",NA,NA,2013-01-05
"2448",NA,NA,2013-01-06
"2449",NA,NA,2013-01-07
"2450",NA,NA,2013-01-08
"2451",NA,NA,2013-01-09
"2452",NA,NA,2013-01-10
"2453",NA,NA,2013-01-11
"2454",NA,NA,2013-01-12
"2455",NA,NA,2013-01-13
"2456",NA,NA,2013-01-14
"2457",NA,NA,2013-01-15
"2458",NA,NA,2013-01-16
"2459",NA,NA,2013-01-17
"2460",NA,NA,2013-01-18
"2461",NA,NA,2013-01-19
"2462",NA,NA,2013-01-20
"2463",NA,NA,2013-01-21
"2464",NA,NA,2013-01-22
"2465",NA,NA,2013-01-23
"2466",NA,NA,2013-01-24
"2467",NA,NA,2013-01-25
"2468",NA,NA,2013-01-26
"2469",NA,NA,2013-01-27
"2470",NA,NA,2013-01-28
"2471",NA,NA,2013-01-29
"2472",NA,NA,2013-01-30
"2473",NA,NA,2013-01-31
"2474",NA,NA,2013-02-01
"2475",NA,NA,2013-02-02
"2476",NA,NA,2013-02-03
"2477",NA,NA,2013-02-04
"2478",NA,NA,2013-02-05
"2479",NA,NA,2013-02-06
"2480",NA,NA,2013-02-07
"2481",NA,NA,2013-02-08
"2482",NA,NA,2013-02-09
"2483",NA,NA,2013-02-10
"2484",NA,NA,2013-02-11
"2485",NA,NA,2013-02-12
"2486",NA,NA,2013-02-13
"2487",NA,NA,2013-02-14
"2488",NA,NA,2013-02-15
"2489",NA,NA,2013-02-16
"2490",NA,NA,2013-02-17
"2491",NA,NA,2013-02-18
"2492",NA,NA,2013-02-19
"2493",NA,NA,2013-02-20
"2494",NA,NA,2013-02-21
"2495",NA,NA,2013-02-22
"2496",NA,NA,2013-02-23
"2497",NA,NA,2013-02-24
"2498",NA,NA,2013-02-25
"2499",NA,NA,2013-02-26
"2500",NA,NA,2013-02-27
"2501",NA,NA,2013-02-28
"2502",NA,NA,2013-03-01
"2503",NA,NA,2013-03-02
"2504",NA,NA,2013-03-03
"2505",NA,NA,2013-03-04
"2506",NA,NA,2013-03-05
"2507",NA,NA,2013-03-06
"2508",NA,NA,2013-03-07
"2509",NA,NA,2013-03-08
"2510",NA,NA,2013-03-09
"2511",NA,NA,2013-03-10
"2512",NA,NA,2013-03-11
"2513",NA,NA,2013-03-12
"2514",NA,NA,2013-03-13
"2515",NA,NA,2013-03-14
"2516",NA,NA,2013-03-15
"2517",NA,NA,2013-03-16
"2518",NA,NA,2013-03-17
"2519",NA,NA,2013-03-18
"2520",NA,NA,2013-03-19
"2521",NA,NA,2013-03-20
"2522",NA,NA,2013-03-21
"2523",NA,NA,2013-03-22
"2524",NA,NA,2013-03-23
"2525",NA,NA,2013-03-24
"2526",NA,NA,2013-03-25
"2527",NA,NA,2013-03-26
"2528",NA,NA,2013-03-27
"2529",NA,NA,2013-03-28
"2530",NA,NA,2013-03-29
"2531",NA,NA,2013-03-30
"2532",NA,NA,2013-03-31
"2533",NA,NA,2013-04-01
"2534",NA,NA,2013-04-02
"2535",NA,NA,2013-04-03
"2536",NA,NA,2013-04-04
"2537",NA,NA,2013-04-05
"2538",NA,NA,2013-04-06
"2539",NA,NA,2013-04-07
"2540",NA,NA,2013-04-08
"2541",NA,NA,2013-04-09
"2542",NA,NA,2013-04-10
"2543",NA,NA,2013-04-11
"2544",NA,NA,2013-04-12
"2545",NA,NA,2013-04-13
"2546",NA,NA,2013-04-14
"2547",NA,NA,2013-04-15
"2548",NA,NA,2013-04-16
"2549",NA,NA,2013-04-17
"2550",NA,NA,2013-04-18
"2551",NA,NA,2013-04-19
"2552",NA,NA,2013-04-20
"2553",NA,NA,2013-04-21
"2554",NA,NA,2013-04-22
"2555",NA,NA,2013-04-23
"2556",NA,NA,2013-04-24
"2557",NA,NA,2013-04-25
"2558",NA,NA,2013-04-26
"2559",NA,NA,2013-04-27
"2560",NA,NA,2013-04-28
"2561",NA,NA,2013-04-29
"2562",NA,NA,2013-04-30
"2563",NA,NA,2013-05-01
"2564",NA,NA,2013-05-02
"2565",NA,NA,2013-05-03
"2566",NA,NA,2013-05-04
"2567",NA,NA,2013-05-05
"2568",NA,NA,2013-05-06
"2569",NA,NA,2013-05-07
"2570",NA,NA,2013-05-08
"2571",NA,NA,2013-05-09
"2572",NA,NA,2013-05-10
"2573",NA,NA,2013-05-11
"2574",NA,NA,2013-05-12
"2575",NA,NA,2013-05-13
"2576",NA,NA,2013-05-14
"2577",NA,NA,2013-05-15
"2578",NA,NA,2013-05-16
"2579",NA,NA,2013-05-17
"2580",NA,NA,2013-05-18
"2581",NA,NA,2013-05-19
"2582",NA,NA,2013-05-20
"2583",NA,NA,2013-05-21
"2584",NA,NA,2013-05-22
"2585",NA,NA,2013-05-23
"2586",NA,NA,2013-05-24
"2587",NA,NA,2013-05-25
"2588",NA,NA,2013-05-26
"2589",NA,NA,2013-05-27
"2590",NA,NA,2013-05-28
"2591",NA,NA,2013-05-29
"2592",NA,NA,2013-05-30
"2593",NA,NA,2013-05-31
"2594",NA,NA,2013-06-01
"2595",NA,NA,2013-06-02
"2596",NA,NA,2013-06-03
"2597",NA,NA,2013-06-04
"2598",0,0,2013-06-05
"2599",0,0,2013-06-05
"2600",NA,NA,2013-06-06
"2601",NA,NA,2013-06-07
"2602",NA,NA,2013-06-08
"2603",NA,NA,2013-06-09
"2604",NA,NA,2013-06-10
"2605",NA,NA,2013-06-11
"2606",NA,NA,2013-06-12
"2607",NA,NA,2013-06-13
"2608",NA,NA,2013-06-14
"2609",NA,NA,2013-06-15
"2610",NA,NA,2013-06-16
"2611",NA,NA,2013-06-17
"2612",NA,NA,2013-06-18
"2613",NA,NA,2013-06-19
"2614",NA,NA,2013-06-20
"2615",NA,NA,2013-06-21
"2616",NA,NA,2013-06-22
"2617",NA,NA,2013-06-23
"2618",NA,NA,2013-06-24
"2619",NA,NA,2013-06-25
"2620",NA,NA,2013-06-26
"2621",NA,NA,2013-06-27
"2622",NA,NA,2013-06-28
"2623",NA,NA,2013-06-29
"2624",NA,NA,2013-06-30
"2625",NA,NA,2013-07-01
"2626",NA,NA,2013-07-02
"2627",0,0,2013-07-03
"2628",0,0,2013-07-03
"2629",NA,NA,2013-07-04
"2630",NA,NA,2013-07-05
"2631",NA,NA,2013-07-06
"2632",NA,NA,2013-07-07
"2633",NA,NA,2013-07-08
"2634",NA,NA,2013-07-09
"2635",NA,NA,2013-07-10
"2636",NA,NA,2013-07-11
"2637",NA,NA,2013-07-12
"2638",NA,NA,2013-07-13
"2639",NA,NA,2013-07-14
"2640",NA,NA,2013-07-15
"2641",NA,NA,2013-07-16
"2642",NA,NA,2013-07-17
"2643",NA,NA,2013-07-18
"2644",NA,NA,2013-07-19
"2645",NA,NA,2013-07-20
"2646",NA,NA,2013-07-21
"2647",NA,NA,2013-07-22
"2648",NA,NA,2013-07-23
"2649",NA,NA,2013-07-24
"2650",NA,NA,2013-07-25
"2651",NA,NA,2013-07-26
"2652",NA,NA,2013-07-27
"2653",NA,NA,2013-07-28
"2654",NA,NA,2013-07-29
"2655",NA,NA,2013-07-30
"2656",NA,NA,2013-07-31
"2657",NA,NA,2013-08-01
"2658",NA,NA,2013-08-02
"2659",NA,NA,2013-08-03
"2660",NA,NA,2013-08-04
"2661",NA,NA,2013-08-05
"2662",NA,NA,2013-08-06
"2663",NA,NA,2013-08-07
"2664",NA,NA,2013-08-08
"2665",NA,NA,2013-08-09
"2666",NA,NA,2013-08-10
"2667",NA,NA,2013-08-11
"2668",NA,NA,2013-08-12
"2669",NA,NA,2013-08-13
"2670",NA,NA,2013-08-14
"2671",NA,NA,2013-08-15
"2672",0,0,2013-08-16
"2673",556,0,2013-08-16
"2674",NA,NA,2013-08-17
"2675",NA,NA,2013-08-18
"2676",NA,NA,2013-08-19
"2677",NA,NA,2013-08-20
"2678",NA,NA,2013-08-21
"2679",NA,NA,2013-08-22
"2680",NA,NA,2013-08-23
"2681",NA,NA,2013-08-24
"2682",NA,NA,2013-08-25
"2683",NA,NA,2013-08-26
"2684",1447,3,2013-08-27
"2685",NA,NA,2013-08-28
"2686",NA,NA,2013-08-29
"2687",NA,NA,2013-08-30
"2688",NA,NA,2013-08-31
"2689",NA,NA,2013-09-01
"2690",NA,NA,2013-09-02
"2691",NA,NA,2013-09-03
"2692",NA,NA,2013-09-04
"2693",NA,NA,2013-09-05
"2694",NA,NA,2013-09-06
"2695",NA,NA,2013-09-07
"2696",NA,NA,2013-09-08
"2697",NA,NA,2013-09-09
"2698",NA,NA,2013-09-10
"2699",NA,NA,2013-09-11
"2700",NA,NA,2013-09-12
"2701",NA,NA,2013-09-13
"2702",NA,NA,2013-09-14
"2703",NA,NA,2013-09-15
"2704",NA,NA,2013-09-16
"2705",1877,4,2013-09-17
"2706",825,35,2013-09-17
"2707",NA,NA,2013-09-18
"2708",NA,NA,2013-09-19
"2709",NA,NA,2013-09-20
"2710",NA,NA,2013-09-21
"2711",NA,NA,2013-09-22
"2712",NA,NA,2013-09-23
"2713",NA,NA,2013-09-24
"2714",NA,NA,2013-09-25
"2715",NA,NA,2013-09-26
"2716",NA,NA,2013-09-27
"2717",NA,NA,2013-09-28
"2718",NA,NA,2013-09-29
"2719",NA,NA,2013-09-30
"2720",NA,NA,2013-10-01
"2721",NA,NA,2013-10-02
"2722",NA,NA,2013-10-03
"2723",NA,NA,2013-10-04
"2724",NA,NA,2013-10-05
"2725",NA,NA,2013-10-06
"2726",NA,NA,2013-10-07
"2727",NA,NA,2013-10-08
"2728",NA,NA,2013-10-09
"2729",NA,NA,2013-10-10
"2730",NA,NA,2013-10-11
"2731",NA,NA,2013-10-12
"2732",NA,NA,2013-10-13
"2733",NA,NA,2013-10-14
"2734",NA,NA,2013-10-15
"2735",NA,NA,2013-10-16
"2736",NA,NA,2013-10-17
"2737",NA,NA,2013-10-18
"2738",NA,NA,2013-10-19
"2739",NA,NA,2013-10-20
"2740",NA,NA,2013-10-21
"2741",NA,NA,2013-10-22
"2742",0,0,2013-10-23
"2743",0,0,2013-10-23
